,Year,Month,TagName,Month_Count
0,2018,1,minecraft-java-edition,79
1,2018,1,minecraft-commands,48
2,2018,1,steam,22
3,2018,1,playerunknowns-battlegrounds,21
4,2018,1,the-elder-scrolls-v-skyrim,18
5,2018,1,technical-issues,15
6,2018,1,xenoblade-chronicles-2,14
7,2018,1,monster-hunter-world,14
8,2018,1,ps4,13
9,2018,1,xbox-one,12
10,2018,1,minecraft-bedrock-edition,12
11,2018,1,minecraft-java-edition-server,11
12,2018,1,xbox-360,9
13,2018,1,warframe,8
14,2018,1,terraria,7
15,2018,1,minecraft-legacy-console,7
16,2018,1,stellaris,7
17,2018,1,fallout-4,6
18,2018,1,civilization-6,6
19,2018,1,fortnite-battle-royale,6
20,2018,1,team-fortress-2,6
21,2018,1,pc,5
22,2018,1,minecraft-mods,5
23,2018,1,fallout-new-vegas,5
24,2018,1,europa-universalis-iv,5
25,2018,1,the-sexy-brutale,5
26,2018,1,subnautica,5
27,2018,1,linux,4
28,2018,1,controllers,4
29,2018,1,clash-royale,4
30,2018,1,overwatch,4
31,2018,1,path-of-exile,4
32,2018,1,starcraft-2,4
33,2018,1,emulation,4
34,2018,1,heat-signature,4
35,2018,1,counter-strike-global-offensive,4
36,2018,1,macos,3
37,2018,1,xbox-live,3
38,2018,1,windows-10,3
39,2018,1,graphics-card,3
40,2018,1,fallout-3,3
41,2018,1,destiny-2,3
42,2018,1,psn,3
43,2018,1,minecraft-redstone,3
44,2018,1,dragon-ball-z-dokkan-battle,3
45,2018,1,pokemon-ultra-sun-ultra-moon,3
46,2018,1,terminology,3
47,2018,1,pokemon-seventh-generation,3
48,2018,1,world-of-warcraft,3
49,2018,1,pokemon-go,3
50,2018,1,call-of-duty-ww2,3
51,2018,1,server-administration,3
52,2018,1,the-binding-of-isaac,3
53,2018,1,game-identification,3
54,2018,1,agar.io,2
55,2018,1,battlefield-4,2
56,2018,1,counter-strike,2
57,2018,1,life-is-strange,2
58,2018,1,elite-dangerous,2
59,2018,1,halo-4,2
60,2018,1,gran-turismo-sport,2
61,2018,1,windows-7,2
62,2018,1,windows,2
63,2018,1,nvidia-geforce-experience,2
64,2018,1,minecraft-bedrock-edition-server,2
65,2018,1,nintendo-switch,2
66,2018,1,bloodborne,2
67,2018,1,clash-of-clans,2
68,2018,1,crusader-kings-2,2
69,2018,1,slay-the-spire,2
70,2018,1,heroes-of-might-and-magic-4,2
71,2018,1,mods,2
72,2018,1,counter-strike-condition-zero,2
73,2018,1,splatoon-2,2
74,2018,1,fortnite-save-the-world,2
75,2018,1,epic-games-launcher,2
76,2018,1,nintendo-64,2
77,2018,1,oxygen-not-included,2
78,2018,1,doki-doki-literature-club,2
79,2018,1,hearthstone,2
80,2018,1,fifa-18,2
81,2018,1,zelda-breath-of-the-wild,2
82,2018,1,altos-adventure,2
83,2018,1,endless-space-2,2
84,2018,1,ios,2
85,2018,1,pokemon-pinball-ruby-and-sapphire,2
86,2018,1,diablo-3,2
87,2018,1,pokemon-series,2
88,2018,1,desmume,2
89,2018,1,playstation-plus,2
90,2018,1,garrys-mod,2
91,2018,1,fiz,2
92,2018,1,dragon-ball-fighterz,2
93,2018,1,horizon-zero-dawn,2
94,2018,1,naruto-online,2
95,2018,1,game-boy,2
96,2018,1,offworld-trading-company,2
97,2018,1,dosbox,2
98,2018,1,rocket-league,1
99,2018,1,what-remains-of-edith-finch,1
100,2018,1,final-fantasy-13,1
101,2018,1,destiny,1
102,2018,1,backwards-compatibility,1
103,2018,1,skyrim-hearthfire,1
104,2018,1,wine,1
105,2018,1,audio-hardware,1
106,2018,1,first-person-shooter,1
107,2018,1,quake,1
108,2018,1,unreal-tournament-2004,1
109,2018,1,moon-hunters,1
110,2018,1,the-witcher,1
111,2018,1,diep.io,1
112,2018,1,kingdom-new-lands,1
113,2018,1,civilization-5,1
114,2018,1,elite-dangerous-horizons,1
115,2018,1,call-of-duty-black-ops-3,1
116,2018,1,pokemon-black-2-white-2,1
117,2018,1,version-differences,1
118,2018,1,avorion,1
119,2018,1,star-trek-birth-of-the-federation,1
120,2018,1,borderlands-pre-sequel,1
121,2018,1,minecraft-java-edition-realms,1
122,2018,1,dwarf-fortress,1
123,2018,1,desert-golfing,1
124,2018,1,cheats,1
125,2018,1,star-wars-battlefront-2,1
126,2018,1,la-noire,1
127,2018,1,big-pharma,1
128,2018,1,west-of-loathing,1
129,2018,1,planetside-2,1
130,2018,1,warhammer-ii-total-war,1
131,2018,1,everything,1
132,2018,1,diablo-2,1
133,2018,1,pokemon-sixth-generation,1
134,2018,1,doom-2016,1
135,2018,1,monitor,1
136,2018,1,mortal-kombat-x-mobile,1
137,2018,1,skyrim-dawnguard,1
138,2018,1,bloons-td-5,1
139,2018,1,rainbow-6-siege,1
140,2018,1,tropico-5,1
141,2018,1,humble-bundle,1
142,2018,1,region-lock,1
143,2018,1,battlelog,1
144,2018,1,the-sims-freeplay,1
145,2018,1,mame,1
146,2018,1,vive,1
147,2018,1,h3vr,1
148,2018,1,owlboy,1
149,2018,1,sims-2,1
150,2018,1,suikoden-2,1
151,2018,1,windowframe,1
152,2018,1,temple-run-2,1
153,2018,1,love-live-school-idol-festival,1
154,2018,1,the-witness,1
155,2018,1,world-of-tanks,1
156,2018,1,the-elder-scrolls-series,1
157,2018,1,flywrench,1
158,2018,1,sims-3,1
159,2018,1,nintendo-3ds-3dsxl-2ds,1
160,2018,1,nintendo-eshop,1
161,2018,1,dragon-age-inquisition,1
162,2018,1,middle-earth-shadow-of-war,1
163,2018,1,steam-community-market,1
164,2018,1,far-cry-3,1
165,2018,1,nier-automata,1
166,2018,1,pokemon-revolution-online,1
167,2018,1,runescape,1
168,2018,1,call-of-duty-ghosts,1
169,2018,1,fire-emblem-heroes,1
170,2018,1,they-are-billions,1
171,2018,1,rpg-maker-xp,1
172,2018,1,song-of-the-deep,1
173,2018,1,hardware,1
174,2018,1,the-saboteur,1
175,2018,1,project-cars-2,1
176,2018,1,achievements,1
177,2018,1,gunpoint,1
178,2018,1,superhot,1
179,2018,1,star-wars-battlefront-2-2017,1
180,2018,1,fortresscraft-evolved,1
181,2018,1,the-binding-of-isaac-rebirth,1
182,2018,1,the-binding-of-isaac-afterbirth+,1
183,2018,1,final-fantasy-tactics-a2,1
184,2018,1,nes,1
185,2018,1,tetris,1
186,2018,1,persona-5,1
187,2018,1,viscera-cleanup-detail,1
188,2018,1,hollow-knight,1
189,2018,1,keyboard,1
190,2018,1,wrath-of-the-lamb,1
191,2018,1,league-of-legends,1
192,2018,1,tf2-mann-vs-machine,1
193,2018,1,diablo-3-monk,1
194,2018,1,inside,1
195,2018,1,pikmin-3,1
196,2018,1,ps3,1
197,2018,1,oldschool-runescape,1
198,2018,1,cookie-clicker,1
199,2018,1,forced-showdown,1
200,2018,1,sonic-heroes,1
201,2018,1,mouse,1
202,2018,1,spore,1
203,2018,1,minecraft-bukkit,1
204,2018,1,flightgear,1
205,2018,1,vtech-kidizoom-camera-pix,1
206,2018,1,7-days-to-die,1
207,2018,1,candy-box-2,1
208,2018,1,prey,1
209,2018,1,the-turing-test,1
210,2018,1,pokemon-diamond-pearl-platinum,1
211,2018,1,android,1
212,2018,1,guild-wars-2,1
213,2018,1,dark-souls-3,1
214,2018,1,hacker-experience,1
215,2018,1,titan-quest,1
216,2018,1,titan-quest-anniversary-edition,1
217,2018,1,system-requirements,1
218,2018,1,.hack-gu,1
219,2018,1,.hack-gu-last-recode,1
220,2018,1,ryse-son-of-rome,1
221,2018,1,sonic-forces,1
222,2018,1,bioshock-infinite,1
223,2018,1,bioshock-series,1
224,2018,1,anno-1404,1
225,2018,1,scummvm,1
226,2018,1,the-dig,1
227,2018,1,loom,1
228,2018,1,indiana-jones-fate-of-atlantis,1
229,2018,1,indiana-jones-and-the-last-crusade,1
230,2018,1,victor-vran,1
231,2018,1,maplestory,1
232,2018,1,sc2-build-order,1
233,2018,1,roblox,1
234,2018,1,saints-row-the-third,1
235,2018,1,super-mario-bros,1
236,2018,1,timber-and-stone,1
237,2018,1,star-wars-galaxy-of-heroes,1
238,2018,1,neverwinter,1
239,2018,1,candy-crush-saga,1
240,2018,1,assassins-creed-4-black-flag,1
241,2018,1,assassins-creed-rogue,1
242,2018,1,grand-theft-auto-online,1
243,2018,1,steam-family-sharing,1
244,2018,1,super-mario-odyssey,1
245,2018,1,xbox-system-link,1
246,2018,1,assassins-creed-2,1
247,2018,1,half-life-2,1
248,2018,1,hammer,1
249,2018,1,phoenix-wright-ace-attorney,1
250,2018,1,grand-theft-auto-5,1
251,2018,1,beyond-two-souls,1
252,2018,1,performance,1
253,2018,1,minecraft-bedrock-edition-realms,1
254,2018,1,escape-from-tarkov,1
255,2018,1,eve-online,1
256,2018,1,iconoclasts,1
257,2018,1,mad-max,1
258,2018,1,portal-2,1
259,2018,1,rock-band,1
260,2018,1,battlefield-1,1
261,2018,1,fairly-oddparents-breakin-da-rules,1
262,2018,1,capitalism,1
263,2018,1,sega-genesis,1
264,2018,1,xbox,1
265,2018,1,skyrim-dragonborn,1
266,2018,1,summoners-war,1
267,2018,1,torchlight-2,1
268,2018,1,msdos,1
269,2018,1,starbound,1
270,2018,2,minecraft-java-edition,43
271,2018,2,minecraft-commands,27
272,2018,2,monster-hunter-world,20
273,2018,2,the-elder-scrolls-v-skyrim,19
274,2018,2,civilization-6,16
275,2018,2,civilization-6-rise-and-fall,13
276,2018,2,technical-issues,12
277,2018,2,minecraft-bedrock-edition,11
278,2018,2,steam,9
279,2018,2,celeste,9
280,2018,2,xenoblade-chronicles-2,9
281,2018,2,ps4,9
282,2018,2,kingdom-come-deliverance,9
283,2018,2,warframe,8
284,2018,2,counter-strike-global-offensive,7
285,2018,2,playerunknowns-battlegrounds,7
286,2018,2,xbox-one,7
287,2018,2,nintendo-switch,7
288,2018,2,pokemon-go,6
289,2018,2,super-mario-odyssey,6
290,2018,2,controllers,6
291,2018,2,fortnite-battle-royale,5
292,2018,2,elite-dangerous,5
293,2018,2,league-of-legends,5
294,2018,2,fallout-4,5
295,2018,2,pc,5
296,2018,2,stellaris,5
297,2018,2,dragon-ball-fighterz,4
298,2018,2,dota-2,4
299,2018,2,splatoon-2,4
300,2018,2,starcraft-2,4
301,2018,2,terminology,4
302,2018,2,into-the-breach,4
303,2018,2,europa-universalis-iv,3
304,2018,2,geometry-dash,3
305,2018,2,grand-theft-auto-online,3
306,2018,2,windows,3
307,2018,2,monitor,3
308,2018,2,starbound,3
309,2018,2,achievements,3
310,2018,2,final-fantasy-12,3
311,2018,2,minecraft-redstone,3
312,2018,2,clash-of-clans,3
313,2018,2,subnautica,2
314,2018,2,fire-emblem-heroes,2
315,2018,2,clash-royale,2
316,2018,2,oxygen-not-included,2
317,2018,2,animal-crossing-pocket-camp,2
318,2018,2,linux,2
319,2018,2,divinity-original-sin-2,2
320,2018,2,mods,2
321,2018,2,hearthstone,2
322,2018,2,treasure-adventure-world,2
323,2018,2,graphics-card,2
324,2018,2,emulation,2
325,2018,2,crossy-road,2
326,2018,2,candy-crush-saga,2
327,2018,2,terraria,2
328,2018,2,super-bomberman-r,2
329,2018,2,dishonored,2
330,2018,2,pokemon-series,2
331,2018,2,nes,2
332,2018,2,warhammer-ii-total-war,2
333,2018,2,zelda-breath-of-the-wild,2
334,2018,2,floor-13,2
335,2018,2,wii-party-u,2
336,2018,2,overwatch,2
337,2018,2,world-of-warships,2
338,2018,2,minecraft-bedrock-edition-realms,1
339,2018,2,system-requirements,1
340,2018,2,fortnite-save-the-world,1
341,2018,2,elite-dangerous-horizons,1
342,2018,2,competitive-gaming,1
343,2018,2,gaming-history,1
344,2018,2,atari-2600,1
345,2018,2,dragster,1
346,2018,2,tesla-vs-lovecraft,1
347,2018,2,kingdom-hearts,1
348,2018,2,altos-adventure,1
349,2018,2,dark-souls-series,1
350,2018,2,south-park-the-fractured-but-whole,1
351,2018,2,ps3,1
352,2018,2,pokemon-shuffle,1
353,2018,2,diablo,1
354,2018,2,diablo-hellfire,1
355,2018,2,destiny-2,1
356,2018,2,pac-man,1
357,2018,2,ubuntu,1
358,2018,2,nintendo-ds,1
359,2018,2,the-7th-guest,1
360,2018,2,age-of-mythology,1
361,2018,2,rollercoaster-tycoon,1
362,2018,2,shadow-warrior,1
363,2018,2,call-of-duty-ww2,1
364,2018,2,dark-souls,1
365,2018,2,plantera-dx,1
366,2018,2,railway-empire,1
367,2018,2,dauntless,1
368,2018,2,my-boy,1
369,2018,2,final-fantasy-8,1
370,2018,2,cross-code,1
371,2018,2,hdmi,1
372,2018,2,sky-force-reloaded,1
373,2018,2,civilization-2,1
374,2018,2,battlefield-3,1
375,2018,2,diablo-2,1
376,2018,2,pokemon-heart-gold-soul-silver,1
377,2018,2,final-fantasy-7,1
378,2018,2,super-mario-bros-3,1
379,2018,2,baldurs-gate-enhanced,1
380,2018,2,baldurs-gate-2-enhanced,1
381,2018,2,rocket-league,1
382,2018,2,crusader-kings-2,1
383,2018,2,horizon-zero-dawn,1
384,2018,2,universal-paperclips,1
385,2018,2,dosbox,1
386,2018,2,captive,1
387,2018,2,fortune-499,1
388,2018,2,a-dark-room,1
389,2018,2,mobile,1
390,2018,2,prey,1
391,2018,2,the-seven-cities-of-gold,1
392,2018,2,tetris,1
393,2018,2,baldurs-gate-2,1
394,2018,2,the-elder-scrolls-online,1
395,2018,2,we-need-to-go-deeper,1
396,2018,2,persona-5,1
397,2018,2,ios,1
398,2018,2,steam-mobile,1
399,2018,2,xbox-360,1
400,2018,2,red-faction-2,1
401,2018,2,windows-7,1
402,2018,2,star-wars-battlefront-2-2017,1
403,2018,2,elex,1
404,2018,2,minecraft-spigot,1
405,2018,2,vim-adventures,1
406,2018,2,dead-cells,1
407,2018,2,ps1,1
408,2018,2,god-of-war-3,1
409,2018,2,the-witcher-2,1
410,2018,2,portal-2,1
411,2018,2,fallout-new-vegas,1
412,2018,2,dokapon-kingdom,1
413,2018,2,minecraft-legacy-console,1
414,2018,2,starpoint-gemini-2,1
415,2018,2,mario-kart-8,1
416,2018,2,the-witcher-3,1
417,2018,2,minecraft-tinkers-construct,1
418,2018,2,dragon-quest-builders,1
419,2018,2,flightgear,1
420,2018,2,nvidia-geforce-experience,1
421,2018,2,pokemon-x-y,1
422,2018,2,pokemon-sun-moon,1
423,2018,2,pokemon-ultra-sun-ultra-moon,1
424,2018,2,hardware,1
425,2018,2,ps-vita,1
426,2018,2,minecraft-mods,1
427,2018,2,nier-automata,1
428,2018,2,osu,1
429,2018,2,starcraft-terran,1
430,2018,2,wolcen,1
431,2018,2,psn,1
432,2018,2,factorio,1
433,2018,2,minecraft-resource-packs,1
434,2018,2,dungeons-dragons-online,1
435,2018,2,fallout-3,1
436,2018,2,battle.net,1
437,2018,2,move-or-die,1
438,2018,2,grand-theft-auto-5,1
439,2018,2,divinity-original-sin,1
440,2018,2,terraria-console,1
441,2018,2,xcom-2,1
442,2018,2,8-bit-waterslide,1
443,2018,2,darwin-project,1
444,2018,2,duelyst,1
445,2018,2,android,1
446,2018,2,world-of-tanks,1
447,2018,2,world-of-tanks-blitz,1
448,2018,2,deus-ex,1
449,2018,2,kenshi,1
450,2018,2,doodle-jump,1
451,2018,2,the-binding-of-isaac,1
452,2018,2,grand-theft-auto-vice-city,1
453,2018,2,pokemon-tcg-online,1
454,2018,2,mario-kart-wii,1
455,2018,2,origin,1
456,2018,2,spore,1
457,2018,2,age-of-wonders,1
458,2018,2,superman-64,1
459,2018,2,counter-strike,1
460,2018,2,doki-doki-literature-club,1
461,2018,2,macos,1
462,2018,2,resident-evil-series,1
463,2018,2,just-dance-2017,1
464,2018,2,rust,1
465,2018,2,tabletop-simulator,1
466,2018,2,skyrim-dawnguard,1
467,2018,2,speedrun,1
468,2018,2,just-cause-3,1
469,2018,2,ingress,1
470,2018,2,galactic-civilizations-3,1
471,2018,2,final-fantasy-series,1
472,2018,2,star-trek-bridge-crew,1
473,2018,2,game-identification,1
474,2018,2,region-lock,1
475,2018,2,nintendo-3ds-3dsxl-2ds,1
476,2018,2,bloodborne,1
477,2018,2,ps-now,1
478,2018,2,rome-2-total-war,1
479,2018,2,diablo-3,1
480,2018,2,heroes-of-the-storm,1
481,2018,2,cities-skylines,1
482,2018,2,euro-truck-simulator-2,1
483,2018,2,oldschool-runescape,1
484,2018,3,minecraft-java-edition,65
485,2018,3,minecraft-commands,32
486,2018,3,the-elder-scrolls-v-skyrim,16
487,2018,3,technical-issues,15
488,2018,3,surviving-mars,15
489,2018,3,steam,13
490,2018,3,fortnite-battle-royale,10
491,2018,3,into-the-breach,9
492,2018,3,far-cry-5,8
493,2018,3,pokemon-go,7
494,2018,3,world-of-warcraft,6
495,2018,3,mods,6
496,2018,3,fallout-4,6
497,2018,3,minecraft-bedrock-edition,6
498,2018,3,team-fortress-2,6
499,2018,3,ni-no-kuni-2-revenant-kingdom,6
500,2018,3,terminology,5
501,2018,3,grand-theft-auto-5,5
502,2018,3,the-witcher-3,5
503,2018,3,destiny-2,5
504,2018,3,minecraft-java-edition-server,5
505,2018,3,sea-of-thieves,5
506,2018,3,kerbal-space-program,4
507,2018,3,pc,4
508,2018,3,stellaris,4
509,2018,3,starcraft-2,4
510,2018,3,monster-hunter-world,4
511,2018,3,fortnite-save-the-world,4
512,2018,3,rainbow-6-siege,4
513,2018,3,final-fantasy-15,4
514,2018,3,ps4,4
515,2018,3,oxygen-not-included,4
516,2018,3,windows-10,4
517,2018,3,overwatch,4
518,2018,3,ps3,4
519,2018,3,fallout-shelter,4
520,2018,3,civilization-6,3
521,2018,3,path-of-exile,3
522,2018,3,warframe,3
523,2018,3,windows,3
524,2018,3,pokemon-seventh-generation,3
525,2018,3,splatoon-2,3
526,2018,3,counter-strike-global-offensive,3
527,2018,3,crusader-kings-2,3
528,2018,3,league-of-legends,3
529,2018,3,xbox-one,3
530,2018,3,borderlands-2,3
531,2018,3,minecraft-mods,3
532,2018,3,terraria-mobile,3
533,2018,3,minecraft-legacy-console,3
534,2018,3,super-mario-odyssey,2
535,2018,3,first-person-shooter,2
536,2018,3,kingdom-come-deliverance,2
537,2018,3,playerunknowns-battlegrounds,2
538,2018,3,fallout-3,2
539,2018,3,nintendo-switch,2
540,2018,3,just-cause-3,2
541,2018,3,pokemon-series,2
542,2018,3,middle-earth-shadow-of-war,2
543,2018,3,warhammer-total-war,2
544,2018,3,warhammer-ii-total-war,2
545,2018,3,hardware,2
546,2018,3,pokemon-bank,2
547,2018,3,altos-odyssey,2
548,2018,3,xbox-live,2
549,2018,3,controllers,2
550,2018,3,bloodborne,2
551,2018,3,nintendo-3ds-3dsxl-2ds,2
552,2018,3,clash-of-clans,2
553,2018,3,the-elder-scrolls-iv-oblivion,2
554,2018,3,hearthstone,2
555,2018,3,the-bureau-xcom-declassified,2
556,2018,3,need-for-speed-most-wanted-2005,2
557,2018,3,xbox-360,2
558,2018,3,recording,2
559,2018,3,civilization-5,2
560,2018,3,nethack,2
561,2018,3,star-wars-battlefront-2-2017,2
562,2018,3,pokemon-second-generation,2
563,2018,3,emulation,2
564,2018,3,starbound,2
565,2018,3,epic-games-launcher,2
566,2018,3,dark-souls-2,2
567,2018,3,steamworld-heist,2
568,2018,3,eco,2
569,2018,3,achievements,2
570,2018,3,minecraft-worldedit,2
571,2018,3,age-of-empires-ii-hd,2
572,2018,3,bayonetta,2
573,2018,3,tf2-spy,2
574,2018,3,the-elder-scrolls-iii-morrowind,1
575,2018,3,divinity-original-sin,1
576,2018,3,final-fantasy-12,1
577,2018,3,the-witcher-series,1
578,2018,3,mass-effect-2,1
579,2018,3,super-mario-3d-world,1
580,2018,3,broken-age,1
581,2018,3,grand-theft-auto-san-andreas,1
582,2018,3,civilization-revolution,1
583,2018,3,black-desert-online,1
584,2018,3,plants-vs-zombies-garden-warfare,1
585,2018,3,gaming-history,1
586,2018,3,tropico-4,1
587,2018,3,age-of-empires,1
588,2018,3,subnautica,1
589,2018,3,performance,1
590,2018,3,minecraft-redstone,1
591,2018,3,pokemon-sixth-generation,1
592,2018,3,zelda-breath-of-the-wild,1
593,2018,3,farming-simulator-2017,1
594,2018,3,dark-souls-3,1
595,2018,3,call-of-duty-ww2,1
596,2018,3,mount-and-blade,1
597,2018,3,mount-and-blade-viking-conquest,1
598,2018,3,ps-vita,1
599,2018,3,psn,1
600,2018,3,kittens-game,1
601,2018,3,fallout-new-vegas,1
602,2018,3,fate-extra,1
603,2018,3,the-sims-mobile,1
604,2018,3,anno-2205,1
605,2018,3,elite-dangerous,1
606,2018,3,dragon-age-inquisition,1
607,2018,3,castle-clash,1
608,2018,3,heroes-of-hammerwatch,1
609,2018,3,graphics-card,1
610,2018,3,shadowrun-returns,1
611,2018,3,part-time-ufo,1
612,2018,3,minecraft-thaumcraft,1
613,2018,3,hosting,1
614,2018,3,garrys-mod,1
615,2018,3,region-lock,1
616,2018,3,my-nintendo,1
617,2018,3,windows-8,1
618,2018,3,game-identification,1
619,2018,3,celeste,1
620,2018,3,stalker-shadow-of-chernobyl,1
621,2018,3,the-elder-scrolls-online,1
622,2018,3,warhammer-vermintide-2,1
623,2018,3,attack-on-titan,1
624,2018,3,nvidia-geforce-experience,1
625,2018,3,stardew-valley,1
626,2018,3,geometry-dash,1
627,2018,3,streaming,1
628,2018,3,obs,1
629,2018,3,cuphead,1
630,2018,3,twitch,1
631,2018,3,dota-2,1
632,2018,3,command-and-conquer-tiberian-sun,1
633,2018,3,diablo-3,1
634,2018,3,kingdom-hearts-birth-by-sleep,1
635,2018,3,kingdom-hearts-2.5-remix,1
636,2018,3,simcity-2013,1
637,2018,3,space-engineers,1
638,2018,3,.hack-gu,1
639,2018,3,.hack-gu-last-recode,1
640,2018,3,ms-pacman-tengen,1
641,2018,3,agar.io,1
642,2018,3,dissidia-final-fantasy-nt,1
643,2018,3,pokemon-sun-moon,1
644,2018,3,pokemon-first-generation,1
645,2018,3,metal-gear-solid-3-snake-eater,1
646,2018,3,psp,1
647,2018,3,batman-arkham-origins,1
648,2018,3,once-upon-a-tower,1
649,2018,3,pokemon-fourth-generation,1
650,2018,3,pokemon-third-generation,1
651,2018,3,minecraft-spigot,1
652,2018,3,words-with-friends,1
653,2018,3,ark-survival-evolved,1
654,2018,3,digital-distribution,1
655,2018,3,mega-man-x,1
656,2018,3,caesar-3,1
657,2018,3,skyrim-dawnguard,1
658,2018,3,skyrim-dragonborn,1
659,2018,3,they-are-billions,1
660,2018,3,tf2-soldier,1
661,2018,3,sims-3,1
662,2018,3,sims-3-supernatural,1
663,2018,3,lego-harry-potter-years-1-4,1
664,2018,3,war-dragons,1
665,2018,3,prince-of-persia-forgotten-sands,1
666,2018,3,undertale,1
667,2018,3,keyboard,1
668,2018,3,steamworld-dig,1
669,2018,3,super-mario-maker,1
670,2018,3,portal-2,1
671,2018,3,civilization-5-gods-and-kings,1
672,2018,3,civilization-5-brave-new-world,1
673,2018,3,divinity-original-sin-2,1
674,2018,3,oh-sir-the-insult-simulator,1
675,2018,3,mame,1
676,2018,3,trove,1
677,2018,3,segasonic-the-hedgehog,1
678,2018,3,sims-4,1
679,2018,3,ppsspp,1
680,2018,3,ios,1
681,2018,3,one-must-fall-2097,1
682,2018,3,assassins-creed-origins,1
683,2018,3,xcom-2,1
684,2018,3,attack-on-titan-2,1
685,2018,3,red-dead-redemption,1
686,2018,3,horizon-zero-dawn,1
687,2018,3,owlboy,1
688,2018,3,oldschool-runescape,1
689,2018,3,heroes-of-the-storm,1
690,2018,3,kingdom-hearts-2,1
691,2018,3,xenoblade-chronicles-2,1
692,2018,3,server-administration,1
693,2018,3,majesty-2,1
694,2018,3,mario-party,1
695,2018,3,animal-crossing-new-leaf,1
696,2018,3,x-com-terror-from-the-deep,1
697,2018,3,skyrim-hearthfire,1
698,2018,3,framerate,1
699,2018,3,kleptocats-2,1
700,2018,3,thumper,1
701,2018,3,tomb-raider-2013,1
702,2018,3,nintendo-dsi,1
703,2018,3,nes,1
704,2018,3,super-mario-bros,1
705,2018,3,super-mario-bros-3,1
706,2018,3,age-of-empires-ii-the-age-of-kings,1
707,2018,3,mcedit,1
708,2018,3,kingdom-hearts,1
709,2018,3,enter-the-matrix,1
710,2018,3,xcom-enemy-unknown,1
711,2018,3,xcom-enemy-within,1
712,2018,3,the-sexy-brutale,1
713,2018,3,agent-a-a-puzzle-in-disguise,1
714,2018,3,final-fantasy-3,1
715,2018,3,tf2-pyro,1
716,2018,3,tf2-scout,1
717,2018,3,assassins-creed-4-black-flag,1
718,2018,3,system-requirements,1
719,2018,3,clicker-heroes,1
720,2018,3,portal-knights,1
721,2018,3,yonder-the-cloud-catcher-chronicles,1
722,2018,3,nintendo-wii,1
723,2018,3,nintendo-eshop,1
724,2018,3,killing-floor-2,1
725,2018,3,wolfenstein-2-the-new-colossus,1
726,2018,3,fire-emblem-warriors,1
727,2018,3,fifa-14,1
728,2018,3,a-way-out,1
729,2018,3,super-mario-64,1
730,2018,3,euro-truck-simulator-2,1
731,2018,3,invisible-inc,1
732,2018,3,adventure-capitalist,1
733,2018,3,steam-family-sharing,1
734,2018,3,disney-infinity-2.0,1
735,2018,3,google-maps,1
736,2018,3,viscera-cleanup-detail,1
737,2018,3,vive,1
738,2018,3,bigscreen,1
739,2018,4,minecraft-java-edition,60
740,2018,4,minecraft-commands,30
741,2018,4,danmachi-memoria-freese,21
742,2018,4,the-elder-scrolls-v-skyrim,16
743,2018,4,steam,15
744,2018,4,fortnite-battle-royale,12
745,2018,4,overwatch,11
746,2018,4,ps4,10
747,2018,4,technical-issues,9
748,2018,4,grand-theft-auto-5,7
749,2018,4,pc,7
750,2018,4,minecraft-bedrock-edition,6
751,2018,4,zelda-breath-of-the-wild,6
752,2018,4,clash-of-clans,5
753,2018,4,xbox-one,5
754,2018,4,controllers,5
755,2018,4,xbox-360,5
756,2018,4,warframe,5
757,2018,4,battletech,5
758,2018,4,terraria,4
759,2018,4,mods,4
760,2018,4,the-witcher-3,4
761,2018,4,minecraft-java-edition-server,4
762,2018,4,pokemon-go,4
763,2018,4,league-of-legends,4
764,2018,4,fallout-4,3
765,2018,4,discord,3
766,2018,4,dota-2,3
767,2018,4,hearthstone,3
768,2018,4,monster-hunter-world,3
769,2018,4,android,3
770,2018,4,cheats,3
771,2018,4,stellaris,3
772,2018,4,sea-of-thieves,3
773,2018,4,evoland,3
774,2018,4,dwarf-fortress,3
775,2018,4,competitive-gaming,3
776,2018,4,world-of-tanks,3
777,2018,4,god-of-war-2018,3
778,2018,4,steamworld-dig-2,3
779,2018,4,pokemon-ultra-sun-ultra-moon,3
780,2018,4,achievements,3
781,2018,4,borderlands-2,2
782,2018,4,steamworld-heist,2
783,2018,4,monitor,2
784,2018,4,star-wars-the-old-republic,2
785,2018,4,terraria-mobile,2
786,2018,4,dragonvale,2
787,2018,4,rocket-league,2
788,2018,4,playstation-plus,2
789,2018,4,roblox,2
790,2018,4,minecraft-mods,2
791,2018,4,world-of-warcraft,2
792,2018,4,altos-odyssey,2
793,2018,4,far-cry-5,2
794,2018,4,jak-and-daxter,2
795,2018,4,xcom-enemy-unknown,2
796,2018,4,steam-family-sharing,2
797,2018,4,hollow-knight,2
798,2018,4,team-fortress-2,2
799,2018,4,destiny-2,2
800,2018,4,minecraft-redstone,2
801,2018,4,crusader-kings-2,2
802,2018,4,the-elder-scrolls-5-skyrim-vr,2
803,2018,4,undertale,2
804,2018,4,civilization-6,2
805,2018,4,robocraft-infinity,2
806,2018,4,starcraft-2,2
807,2018,4,tropico-4,2
808,2018,4,nintendo-switch,2
809,2018,4,nethack,2
810,2018,4,heroes-of-might-and-magic-3,2
811,2018,4,terraria-console,2
812,2018,4,eve-online,2
813,2018,4,terminology,2
814,2018,4,version-differences,2
815,2018,4,playerunknowns-battlegrounds,2
816,2018,4,mobile,2
817,2018,4,fallout-shelter,2
818,2018,4,windows-10,2
819,2018,4,mouse,2
820,2018,4,diablo-3,2
821,2018,4,swords-of-ditto,2
822,2018,4,spore,1
823,2018,4,hardware,1
824,2018,4,atari-2600,1
825,2018,4,project-diva-future-tone,1
826,2018,4,portal-series,1
827,2018,4,jet-set-radio-future,1
828,2018,4,so-many-me,1
829,2018,4,candy-box-2,1
830,2018,4,castlevania-the-adventure-rebirth,1
831,2018,4,tomena-sanner,1
832,2018,4,flash,1
833,2018,4,burnout-3,1
834,2018,4,doki-doki-literature-club,1
835,2018,4,grand-theft-auto-online,1
836,2018,4,psn,1
837,2018,4,words-with-friends,1
838,2018,4,accessibility,1
839,2018,4,la-noire,1
840,2018,4,fortnite-save-the-world,1
841,2018,4,macos,1
842,2018,4,sims-medieval,1
843,2018,4,endless-legend,1
844,2018,4,metal-gear-solid-5-the-phantom-pain,1
845,2018,4,xbox-live,1
846,2018,4,dark-souls-3,1
847,2018,4,neko-android,1
848,2018,4,oxygen-not-included,1
849,2018,4,asphalt-8,1
850,2018,4,surviving-mars,1
851,2018,4,dont-starve,1
852,2018,4,nintendo-gamecube,1
853,2018,4,witcher-3-blood-and-wine,1
854,2018,4,world-of-warships,1
855,2018,4,ni-no-kuni-2-revenant-kingdom,1
856,2018,4,primal-carnage,1
857,2018,4,ios,1
858,2018,4,fez,1
859,2018,4,assassins-creed,1
860,2018,4,dead-or-alive-xtreme-2,1
861,2018,4,snes,1
862,2018,4,mortal-kombat-3,1
863,2018,4,rainbow-6-siege,1
864,2018,4,mass-effect-3,1
865,2018,4,mass-effect-2,1
866,2018,4,2048-numberwang,1
867,2018,4,super-mario-odyssey,1
868,2018,4,tales-of-berseria,1
869,2018,4,mobile-strike,1
870,2018,4,warhammer-vermintide-2,1
871,2018,4,steam-community-market,1
872,2018,4,black-squad,1
873,2018,4,final-fantasy-12,1
874,2018,4,theme-hospital,1
875,2018,4,far-cry-4,1
876,2018,4,prison-architect,1
877,2018,4,etrian-odyssey-untold-2,1
878,2018,4,star-ocean-5,1
879,2018,4,assassins-creed-origins,1
880,2018,4,doom,1
881,2018,4,metal-gear-solid-2-sons-of-liberty,1
882,2018,4,tony-hawks-pro-skater-gbc,1
883,2018,4,super-mario-kart,1
884,2018,4,path-of-exile,1
885,2018,4,divinity-original-sin-2,1
886,2018,4,emulation,1
887,2018,4,nintendo-ds,1
888,2018,4,harvest-moon-3d-a-new-beginning,1
889,2018,4,homeworld-deserts-of-kharak,1
890,2018,4,bloodborne,1
891,2018,4,planet-coaster,1
892,2018,4,pokemon-omega-ruby-alpha-sapphire,1
893,2018,4,legend-of-zelda-series,1
894,2018,4,super-smash-bros-4,1
895,2018,4,backwards-compatibility,1
896,2018,4,mechwarrior-4-mercenaries,1
897,2018,4,pokemon-black-2-white-2,1
898,2018,4,dark-souls,1
899,2018,4,supertux,1
900,2018,4,pokemon-ruby-sapphire-emerald,1
901,2018,4,heroes-of-the-storm,1
902,2018,4,hill-climb-racing-2,1
903,2018,4,minecraft-legacy-console,1
904,2018,4,a-dark-room,1
905,2018,4,two-worlds,1
906,2018,4,new-nintendo-3ds-3dsxl-2ds-2dsxl,1
907,2018,4,a-way-out,1
908,2018,4,counter-strike-source,1
909,2018,4,age-of-empires-ii-hd,1
910,2018,4,lego-city-undercover,1
911,2018,4,pokemon-fire-red-leaf-green,1
912,2018,4,graphics-card,1
913,2018,4,mario-kart-8,1
914,2018,4,mario-kart-64,1
915,2018,4,audio-hardware,1
916,2018,4,final-fantasy-14,1
917,2018,4,dark-souls-2-sotfs,1
918,2018,4,goof-troop,1
919,2018,4,steam-link,1
920,2018,4,steam-os,1
921,2018,4,hadean-lands,1
922,2018,4,the-elder-scrolls-series,1
923,2018,4,game-identification,1
924,2018,4,trackmania-turbo,1
925,2018,4,cookie-clicker,1
926,2018,4,minecraft-pixelmon,1
927,2018,4,shadow-fight-3,1
928,2018,4,endless-space-2,1
929,2018,4,neverwinter-nights,1
930,2018,4,counter-strike-global-offensive,1
931,2018,4,atelier-lydie-and-suelle,1
932,2018,4,pokemon-series,1
933,2018,4,warhammer-vermintide,1
934,2018,4,pewdiepie-tuber-simulator,1
935,2018,4,kerbal-space-program,1
936,2018,4,quake-3,1
937,2018,4,mafia-1,1
938,2018,4,horizon-zero-dawn,1
939,2018,4,ps3,1
940,2018,4,destiny,1
941,2018,4,frostpunk,1
942,2018,4,gemcraft-chasing-shadows,1
943,2018,4,age-of-empires-ii-the-age-of-kings,1
944,2018,4,escape-from-tarkov,1
945,2018,4,celeste,1
946,2018,4,duck-game,1
947,2018,4,cities-skylines,1
948,2018,4,steam-workshop,1
949,2018,4,vim-adventures,1
950,2018,4,commodore-64,1
951,2018,4,the-bards-tale-3-thief-of-fate,1
952,2018,4,street-fighter-series,1
953,2018,4,geometry-dash,1
954,2018,4,epic-clicker-journey,1
955,2018,4,stardew-valley,1
956,2018,5,minecraft-java-edition,43
957,2018,5,minecraft-commands,21
958,2018,5,fortnite-battle-royale,13
959,2018,5,minecraft-bedrock-edition,12
960,2018,5,overwatch,12
961,2018,5,ps4,9
962,2018,5,pokemon-go,9
963,2018,5,technical-issues,8
964,2018,5,state-of-decay-2,8
965,2018,5,stardew-valley,6
966,2018,5,the-elder-scrolls-v-skyrim,6
967,2018,5,steam,6
968,2018,5,pc,6
969,2018,5,controllers,6
970,2018,5,god-of-war-2018,5
971,2018,5,achievements,5
972,2018,5,xbox-one,5
973,2018,5,endless-sky,5
974,2018,5,playerunknowns-battlegrounds,4
975,2018,5,battletech,4
976,2018,5,zelda-breath-of-the-wild,3
977,2018,5,mobile,3
978,2018,5,stellaris,3
979,2018,5,competitive-gaming,3
980,2018,5,psn,3
981,2018,5,age-of-wonders,3
982,2018,5,clash-royale,3
983,2018,5,cities-skylines,3
984,2018,5,borderlands-2,3
985,2018,5,dwarf-fortress,3
986,2018,5,pokemon-sun-moon,3
987,2018,5,dota-2,3
988,2018,5,emulation,3
989,2018,5,ps3,3
990,2018,5,world-of-warcraft,3
991,2018,5,fallout-4,2
992,2018,5,minecraft-legacy-console,2
993,2018,5,surviving-mars,2
994,2018,5,ys-series,2
995,2018,5,europa-universalis-iv,2
996,2018,5,ios,2
997,2018,5,windows-7,2
998,2018,5,fallout-shelter,2
999,2018,5,pokemon-seventh-generation,2
1000,2018,5,factorio,2
1001,2018,5,dragon-quest-builders,2
1002,2018,5,dark-souls-2,2
1003,2018,5,counter-strike-global-offensive,2
1004,2018,5,xbox-360,2
1005,2018,5,the-binding-of-isaac-afterbirth+,2
1006,2018,5,pillars-of-eternity-ii,2
1007,2018,5,clash-of-clans,2
1008,2018,5,mad-max,2
1009,2018,5,cookie-clicker,2
1010,2018,5,nes,2
1011,2018,5,dark-souls-3,2
1012,2018,5,android,2
1013,2018,5,monitor,2
1014,2018,5,roblox,2
1015,2018,5,hdmi,2
1016,2018,5,minecraft-worldedit,2
1017,2018,5,mods,2
1018,2018,5,kerbal-space-program,2
1019,2018,5,neverwinter-nights-2,2
1020,2018,5,candy-box,2
1021,2018,5,wizard-of-legend,2
1022,2018,5,nintendo-switch,2
1023,2018,5,path-of-exile,2
1024,2018,5,assassins-creed-origins,2
1025,2018,5,frostpunk,1
1026,2018,5,fortnite-save-the-world,1
1027,2018,5,minecraft-mods,1
1028,2018,5,minecraft-forge,1
1029,2018,5,ys-8-lacrimosa-of-dana,1
1030,2018,5,anno-1404,1
1031,2018,5,anno-1404-venice,1
1032,2018,5,mass-effect-3,1
1033,2018,5,words-with-friends,1
1034,2018,5,hollow-knight,1
1035,2018,5,kingdoms-amalur-reckoning,1
1036,2018,5,rainbow-6-siege,1
1037,2018,5,terraria-mobile,1
1038,2018,5,diablo-3,1
1039,2018,5,baldurs-gate-enhanced,1
1040,2018,5,xbox-live,1
1041,2018,5,dont-starve,1
1042,2018,5,star-trek-bridge-crew,1
1043,2018,5,civilization-5,1
1044,2018,5,this-war-of-mine,1
1045,2018,5,castle-clash,1
1046,2018,5,hp-and-the-philosophers-stone-pc,1
1047,2018,5,super-mario-odyssey,1
1048,2018,5,transport-fever,1
1049,2018,5,steam-vr,1
1050,2018,5,darksiders-2,1
1051,2018,5,darksiders,1
1052,2018,5,rimworld,1
1053,2018,5,hitman-2016,1
1054,2018,5,horizon-zero-dawn,1
1055,2018,5,state-of-decay,1
1056,2018,5,state-of-decay-breakdown,1
1057,2018,5,state-of-decay-yose,1
1058,2018,5,grand-theft-auto-vice-city,1
1059,2018,5,monster-hunter-world,1
1060,2018,5,deus-ex-human-revolution,1
1061,2018,5,watch-dogs,1
1062,2018,5,dynasty-warriors-8,1
1063,2018,5,black-desert-online,1
1064,2018,5,pokemon-fifth-generation,1
1065,2018,5,far-cry-4,1
1066,2018,5,mass-effect-2,1
1067,2018,5,crusader-kings-2,1
1068,2018,5,mario-kart-64,1
1069,2018,5,duck-game,1
1070,2018,5,sega-genesis,1
1071,2018,5,kega-fusion,1
1072,2018,5,the-simpsons-hit-and-run,1
1073,2018,5,super-mega-baseball-2,1
1074,2018,5,republique,1
1075,2018,5,kirbys-dream-course,1
1076,2018,5,new-nintendo-3ds-3dsxl-2ds-2dsxl,1
1077,2018,5,pokemon-fourth-generation,1
1078,2018,5,persona-5,1
1079,2018,5,the-witcher-3,1
1080,2018,5,version-differences,1
1081,2018,5,game-boy,1
1082,2018,5,undertale,1
1083,2018,5,far-cry-5,1
1084,2018,5,game-identification,1
1085,2018,5,final-fantasy-tactics,1
1086,2018,5,hard-drive,1
1087,2018,5,pokemon-third-generation,1
1088,2018,5,assassins-creed-unity,1
1089,2018,5,hacker-experience,1
1090,2018,5,nes-classic-mini,1
1091,2018,5,a-dark-room,1
1092,2018,5,openttd,1
1093,2018,5,super-mario-land,1
1094,2018,5,final-fantasy-brave-exvius,1
1095,2018,5,warhammer-vermintide-2,1
1096,2018,5,temple-run-2,1
1097,2018,5,shadow-of-the-colossus,1
1098,2018,5,donkey-kong-country,1
1099,2018,5,xcom-2,1
1100,2018,5,fez,1
1101,2018,5,a-way-out,1
1102,2018,5,ducktales-the-quest-for-gold,1
1103,2018,5,pokemon-black-white,1
1104,2018,5,earthbound,1
1105,2018,5,far-cry-3,1
1106,2018,5,heroes-of-the-storm,1
1107,2018,5,payday-2,1
1108,2018,5,space-station-13,1
1109,2018,5,nier-automata,1
1110,2018,5,prince-of-persia,1
1111,2018,5,subnautica,1
1112,2018,5,windows,1
1113,2018,5,pokemon-ultra-sun-ultra-moon,1
1114,2018,5,doom-2016,1
1115,2018,5,ingress,1
1116,2018,5,kantai-collection,1
1117,2018,5,monster-hunter-generations,1
1118,2018,5,lords-mobile,1
1119,2018,5,donkey-kong-country-tropical-freeze,1
1120,2018,5,total-war-thrones-of-britannia,1
1121,2018,5,wizardry-7,1
1122,2018,5,ark-survival-evolved,1
1123,2018,5,mario-kart-wii,1
1124,2018,5,minecraft-feed-the-beast,1
1125,2018,5,nintendo-ds,1
1126,2018,5,pokemon-heart-gold-soul-silver,1
1127,2018,5,dark-souls-series,1
1128,2018,5,region-lock,1
1129,2018,5,far-cry,1
1130,2018,5,ps2,1
1131,2018,5,steam-family-sharing,1
1132,2018,5,dirt-4,1
1133,2018,5,x3-terran-conflict,1
1134,2018,5,minecraft-java-edition-realms,1
1135,2018,5,master-of-magic,1
1136,2018,5,killing-floor-2,1
1137,2018,5,uplink,1
1138,2018,5,hardware,1
1139,2018,5,alien-isolation,1
1140,2018,5,final-fantasy-14,1
1141,2018,5,call-of-duty-black-ops-2,1
1142,2018,5,quarantine-circular,1
1143,2018,5,enter-the-gungeon,1
1144,2018,5,animal-crossing-new-leaf,1
1145,2018,5,cuphead,1
1146,2018,5,streaming,1
1147,2018,5,ps-remote-play,1
1148,2018,5,dont-get-fired,1
1149,2018,5,grand-theft-auto-5,1
1150,2018,5,performance,1
1151,2018,5,framerate,1
1152,2018,5,steam-cloud,1
1153,2018,5,geometry-dash,1
1154,2018,5,terminology,1
1155,2018,5,powerplay-manager,1
1156,2018,5,monster-hunter-generations-ultimate,1
1157,2018,5,the-binding-of-isaac-rebirth,1
1158,2018,5,the-binding-of-isaac-antibirth,1
1159,2018,5,unturned,1
1160,2018,5,lego-harry-potter-years-1-4,1
1161,2018,5,moonlighter,1
1162,2018,5,battlefield-1,1
1163,2018,5,radiant-historia,1
1164,2018,5,detroit-become-human,1
1165,2018,5,trine-2,1
1166,2018,5,animal-crossing-pocket-camp,1
1167,2018,5,wwe-2k18,1
1168,2018,5,minecraft-java-edition-server,1
1169,2018,5,star-wars-battlefront,1
1170,2018,5,starcraft-2,1
1171,2018,5,starcraft-zerg,1
1172,2018,5,super-mario-64,1
1173,2018,5,grim-dawn,1
1174,2018,5,terraria-console,1
1175,2018,5,civilization-6,1
1176,2018,6,minecraft-java-edition,58
1177,2018,6,minecraft-commands,33
1178,2018,6,pokemon-go,15
1179,2018,6,steam,14
1180,2018,6,the-elder-scrolls-v-skyrim,12
1181,2018,6,minecraft-bedrock-edition,9
1182,2018,6,technical-issues,8
1183,2018,6,fortnite-battle-royale,7
1184,2018,6,ps4,7
1185,2018,6,overwatch,7
1186,2018,6,pokemon-quest,5
1187,2018,6,alpha-centauri,5
1188,2018,6,minecraft-java-edition-server,4
1189,2018,6,fallout-4,4
1190,2018,6,god-of-war-2018,4
1191,2018,6,clash-of-clans,4
1192,2018,6,europa-universalis-iv,4
1193,2018,6,dark-souls-2,3
1194,2018,6,minecraft-redstone,3
1195,2018,6,macos,3
1196,2018,6,skyrim-hearthfire,3
1197,2018,6,controllers,3
1198,2018,6,pokemon-second-generation,3
1199,2018,6,destiny-2,3
1200,2018,6,xbox-360,3
1201,2018,6,gravity-rush-2,3
1202,2018,6,jurassic-world-evolution,3
1203,2018,6,splatoon-2,3
1204,2018,6,splatoon-2-octo-expansion,3
1205,2018,6,pokemon-first-generation,3
1206,2018,6,mario-tennis-aces,3
1207,2018,6,monster-hunter-world,2
1208,2018,6,path-of-exile,2
1209,2018,6,fallout-shelter,2
1210,2018,6,zelda-breath-of-the-wild,2
1211,2018,6,terraria,2
1212,2018,6,mobile,2
1213,2018,6,pillars-of-eternity-ii,2
1214,2018,6,the-witcher-3,2
1215,2018,6,dragon-age-origins,2
1216,2018,6,the-surge,2
1217,2018,6,psp,2
1218,2018,6,dota-2,2
1219,2018,6,state-of-decay-2,2
1220,2018,6,battletech,2
1221,2018,6,jurassic-world-alive,2
1222,2018,6,league-of-legends,2
1223,2018,6,the-elder-scrolls-iii-morrowind,2
1224,2018,6,world-of-warcraft,2
1225,2018,6,nintendo-switch,2
1226,2018,6,warhammer-total-war,2
1227,2018,6,borderlands-2,2
1228,2018,6,emulation,2
1229,2018,6,achievements,2
1230,2018,6,ark-survival-evolved,2
1231,2018,6,vampyr,2
1232,2018,6,bloodborne,2
1233,2018,6,civilization-6,2
1234,2018,6,yokus-island-express,2
1235,2018,6,pokemon-sun-moon,2
1236,2018,6,kingdom-hearts-unchained-x,1
1237,2018,6,kittens-game,1
1238,2018,6,nvidia-geforce-experience,1
1239,2018,6,minecraft-optifine,1
1240,2018,6,neverwinter-nights-2,1
1241,2018,6,roblox,1
1242,2018,6,roblox-studio,1
1243,2018,6,bloodstained-curse-of-the-moon,1
1244,2018,6,geometry-dash,1
1245,2018,6,windows-10,1
1246,2018,6,nioh,1
1247,2018,6,stellaris,1
1248,2018,6,sunrider,1
1249,2018,6,pc,1
1250,2018,6,resident-evil-7,1
1251,2018,6,stardew-valley,1
1252,2018,6,team-fortress-2,1
1253,2018,6,civilization-3,1
1254,2018,6,vvvvvv,1
1255,2018,6,glider,1
1256,2018,6,zombsroyale.io,1
1257,2018,6,cities-skylines,1
1258,2018,6,detroit-become-human,1
1259,2018,6,psn,1
1260,2018,6,digital-distribution,1
1261,2018,6,resident-evil-code-veronica,1
1262,2018,6,darksiders,1
1263,2018,6,halo-the-master-chief-collection,1
1264,2018,6,witcher-3-hearts-of-stone,1
1265,2018,6,mario-kart-wii,1
1266,2018,6,south-park-the-fractured-but-whole,1
1267,2018,6,terraria-console,1
1268,2018,6,payday-2,1
1269,2018,6,boot-camp,1
1270,2018,6,nintendo-3ds-3dsxl-2ds,1
1271,2018,6,dungreed,1
1272,2018,6,night-in-the-woods,1
1273,2018,6,grand-theft-auto-5,1
1274,2018,6,the-binding-of-isaac-afterbirth+,1
1275,2018,6,civilization-5,1
1276,2018,6,blizzard,1
1277,2018,6,xenonauts,1
1278,2018,6,prey,1
1279,2018,6,warhammer-40k-inquisitor-martyr,1
1280,2018,6,theme-hospital,1
1281,2018,6,dead-cells,1
1282,2018,6,mobile-legends,1
1283,2018,6,quake,1
1284,2018,6,xbox,1
1285,2018,6,hacknet,1
1286,2018,6,dungeon-defenders,1
1287,2018,6,borderlands,1
1288,2018,6,ps-now,1
1289,2018,6,grand-theft-auto-4,1
1290,2018,6,ps3,1
1291,2018,6,final-fantasy-tactics,1
1292,2018,6,ps2,1
1293,2018,6,bios,1
1294,2018,6,pcsx2,1
1295,2018,6,oculus-rift,1
1296,2018,6,vive,1
1297,2018,6,hdmi,1
1298,2018,6,mario-plus-rabbids-kingdom-battle,1
1299,2018,6,destiny,1
1300,2018,6,diablo-3,1
1301,2018,6,diablo-3-wizard,1
1302,2018,6,divinity-original-sin,1
1303,2018,6,the-elder-scrolls-online,1
1304,2018,6,autohotkey,1
1305,2018,6,conan-exiles,1
1306,2018,6,dragon-age-origins-awakening,1
1307,2018,6,xcom-2,1
1308,2018,6,epic-clicker-journey,1
1309,2018,6,terraria-mobile,1
1310,2018,6,minecraft-legacy-console,1
1311,2018,6,assassins-creed-4-black-flag,1
1312,2018,6,alien-isolation,1
1313,2018,6,paper-mario-sticker-star,1
1314,2018,6,mods,1
1315,2018,6,uncharted-3,1
1316,2018,6,super-mario-odyssey,1
1317,2018,6,fifa-18,1
1318,2018,6,banished,1
1319,2018,6,xbox-one,1
1320,2018,6,dark-souls,1
1321,2018,6,ml-superstar-saga-bowsers-minions,1
1322,2018,6,rollercoaster-tycoon,1
1323,2018,6,the-binding-of-isaac-rebirth,1
1324,2018,6,trials-fusion,1
1325,2018,6,pillars-of-eternity,1
1326,2018,6,hard-drive,1
1327,2018,6,the-elder-scrolls-5-skyrim-vr,1
1328,2018,6,nes,1
1329,2018,6,digimon-rearise,1
1330,2018,6,discord,1
1331,2018,6,danganronpa,1
1332,2018,6,directx-9,1
1333,2018,6,call-of-duty-modern-warfare-3,1
1334,2018,6,dont-starve,1
1335,2018,6,nethack,1
1336,2018,6,astroneer,1
1337,2018,6,battle.net,1
1338,2018,6,skyrim-dragonborn,1
1339,2018,6,just-cause-3,1
1340,2018,6,warframe,1
1341,2018,6,harvest-moon-light-of-hope,1
1342,2018,6,touhou-embodiment-of-scarlet-devil,1
1343,2018,6,snes,1
1344,2018,6,bomberman,1
1345,2018,6,dark-souls-3,1
1346,2018,7,minecraft-java-edition,72
1347,2018,7,minecraft-commands,45
1348,2018,7,fortnite-battle-royale,15
1349,2018,7,fallout-4,13
1350,2018,7,technical-issues,12
1351,2018,7,minecraft-bedrock-edition,10
1352,2018,7,pokemon-go,10
1353,2018,7,xbox-360,9
1354,2018,7,ps4,8
1355,2018,7,cultist-simulator,8
1356,2018,7,minecraft-java-edition-server,7
1357,2018,7,xbox-one,7
1358,2018,7,the-elder-scrolls-v-skyrim,7
1359,2018,7,steam,7
1360,2018,7,octopath-traveler,7
1361,2018,7,oxygen-not-included,7
1362,2018,7,controllers,6
1363,2018,7,no-mans-sky,6
1364,2018,7,overwatch,5
1365,2018,7,nintendo-switch,5
1366,2018,7,fallout-shelter,5
1367,2018,7,zelda-breath-of-the-wild,4
1368,2018,7,alpha-centauri,3
1369,2018,7,ps3,3
1370,2018,7,minecraft-legacy-console,3
1371,2018,7,europa-universalis-iv,3
1372,2018,7,world-of-warcraft,3
1373,2018,7,atelier-rorona-plus,3
1374,2018,7,crusader-kings-2,3
1375,2018,7,kingdom-come-deliverance,3
1376,2018,7,mods,3
1377,2018,7,achievements,3
1378,2018,7,pixeljunk-monsters,3
1379,2018,7,pc,3
1380,2018,7,starcraft-2,3
1381,2018,7,dead-cells,2
1382,2018,7,game-identification,2
1383,2018,7,dota-2,2
1384,2018,7,server-administration,2
1385,2018,7,version-differences,2
1386,2018,7,once-upon-a-tower,2
1387,2018,7,fallout-3,2
1388,2018,7,galaxy-attack-alien-shooter,2
1389,2018,7,league-of-legends,2
1390,2018,7,transport-fever,2
1391,2018,7,diablo-3,2
1392,2018,7,mobile,2
1393,2018,7,destiny-2,2
1394,2018,7,heroes-of-the-storm,2
1395,2018,7,grand-theft-auto-online,2
1396,2018,7,xbox-live,2
1397,2018,7,assassins-creed-syndicate,2
1398,2018,7,terraria-mobile,2
1399,2018,7,team-fortress-2,2
1400,2018,7,grand-theft-auto-5,2
1401,2018,7,android,1
1402,2018,7,tilt-to-live,1
1403,2018,7,super-mario-odyssey,1
1404,2018,7,borderlands-pre-sequel,1
1405,2018,7,the-binding-of-isaac-afterbirth+,1
1406,2018,7,orcs-must-die-2,1
1407,2018,7,deponia,1
1408,2018,7,keyboard,1
1409,2018,7,mouse,1
1410,2018,7,the-witcher-3,1
1411,2018,7,emulation,1
1412,2018,7,arcade,1
1413,2018,7,jurassic-world-evolution,1
1414,2018,7,minecraft-spigot,1
1415,2018,7,gaming-history,1
1416,2018,7,splatoon-2-octo-expansion,1
1417,2018,7,zelda-majoras-mask,1
1418,2018,7,far-cry-4,1
1419,2018,7,dosbox,1
1420,2018,7,zork,1
1421,2018,7,battletech,1
1422,2018,7,battle.net,1
1423,2018,7,blade-and-soul,1
1424,2018,7,nintendo-3ds-3dsxl-2ds,1
1425,2018,7,pokemon-ultra-sun-ultra-moon,1
1426,2018,7,crash-bandicoot-n-sane-trilogy,1
1427,2018,7,arcania,1
1428,2018,7,super-smash-bros-4,1
1429,2018,7,ios,1
1430,2018,7,saints-row-the-third,1
1431,2018,7,mario-plus-rabbids-kingdom-battle,1
1432,2018,7,war-thunder,1
1433,2018,7,geometry-dash,1
1434,2018,7,tekken-7,1
1435,2018,7,zoo-tycoon,1
1436,2018,7,bioshock,1
1437,2018,7,mass-effect-3,1
1438,2018,7,planet-coaster,1
1439,2018,7,the-witness,1
1440,2018,7,halo-the-master-chief-collection,1
1441,2018,7,battlefield-4,1
1442,2018,7,psn,1
1443,2018,7,call-of-duty-black-ops-3,1
1444,2018,7,gorn,1
1445,2018,7,steel-battalion,1
1446,2018,7,tony-hawks-pro-skater-2,1
1447,2018,7,facebook,1
1448,2018,7,jurassic-world-the-game,1
1449,2018,7,discord,1
1450,2018,7,factorio,1
1451,2018,7,just-shapes-and-beats,1
1452,2018,7,halo-series,1
1453,2018,7,age-of-empires-iii,1
1454,2018,7,zsnes,1
1455,2018,7,resident-evil-nemesis,1
1456,2018,7,red-faction-guerrilla,1
1457,2018,7,pokemon-ruby-sapphire-emerald,1
1458,2018,7,euro-truck-simulator-2,1
1459,2018,7,captain-toad-treasure-tracker,1
1460,2018,7,darkest-dungeon,1
1461,2018,7,warframe,1
1462,2018,7,pokemon-sun-moon,1
1463,2018,7,hero-u,1
1464,2018,7,game-of-thrones,1
1465,2018,7,project-zomboid,1
1466,2018,7,dwarf-fortress,1
1467,2018,7,path-of-exile,1
1468,2018,7,nintendo-eshop,1
1469,2018,7,mages-of-mystralia,1
1470,2018,7,playstation-plus,1
1471,2018,7,region-lock,1
1472,2018,7,fortnite-save-the-world,1
1473,2018,7,mcedit,1
1474,2018,7,life-is-strange-before-the-storm,1
1475,2018,7,tomb-raider-2013,1
1476,2018,7,windows-10,1
1477,2018,7,dark-souls-2,1
1478,2018,7,epic-games-launcher,1
1479,2018,7,hosting,1
1480,2018,7,dont-starve-together,1
1481,2018,7,minecraft-resource-packs,1
1482,2018,7,kingsway,1
1483,2018,7,fighting-fantasy,1
1484,2018,7,rainbow-6-siege,1
1485,2018,7,divinity-original-sin-2,1
1486,2018,7,hearts-of-iron-4,1
1487,2018,7,alien-crossfire,1
1488,2018,7,playerunknowns-battlegrounds,1
1489,2018,7,terraria-console,1
1490,2018,7,hearthstone,1
1491,2018,7,streaming,1
1492,2018,7,steam-in-home-streaming,1
1493,2018,7,nvidia-geforce-experience,1
1494,2018,7,stellaris,1
1495,2018,7,skyrim-dawnguard,1
1496,2018,7,linux,1
1497,2018,7,ark-survival-evolved,1
1498,2018,7,puyo-puyo-tetris,1
1499,2018,7,undertale,1
1500,2018,7,galaxy-editor,1
1501,2018,7,minecraft-worldedit,1
1502,2018,7,minecraft-forge,1
1503,2018,7,fifa-18,1
1504,2018,7,fifa-world,1
1505,2018,7,fifa-online-3,1
1506,2018,7,plants-vs-zombies-garden-warfare-2,1
1507,2018,7,steamworld-dig-2,1
1508,2018,7,clash-royale,1
1509,2018,7,need-for-speed-payback,1
1510,2018,7,unreal-gold,1
1511,2018,7,powerplay-manager,1
1512,2018,7,age-of-mythology,1
1513,2018,7,minecraft-mods,1
1514,2018,7,minecraft-buildcraft,1
1515,2018,7,civilization-6,1
1516,2018,7,civilization-6-rise-and-fall,1
1517,2018,7,star-realms,1
1518,2018,7,caves-of-qud,1
1519,2018,7,danganronpa,1
1520,2018,7,soul-reaver,1
1521,2018,7,cheats,1
1522,2018,7,quake-3,1
1523,2018,7,windows,1
1524,2018,7,asphalt-9-legends,1
1525,2018,7,monitor,1
1526,2018,7,counter-strike-global-offensive,1
1527,2018,7,g30,1
1528,2018,7,making-history-ii,1
1529,2018,7,xenoblade-chronicles-2,1
1530,2018,7,pokemon-puzzle-league,1
1531,2018,7,gwent,1
1532,2018,7,gears-of-war-4,1
1533,2018,7,dark-souls-3,1
1534,2018,7,metal-gear-solid-series,1
1535,2018,7,metal-gear-solid-2-sons-of-liberty,1
1536,2018,7,terminology,1
1537,2018,8,minecraft-java-edition,44
1538,2018,8,minecraft-commands,22
1539,2018,8,no-mans-sky,19
1540,2018,8,steam,11
1541,2018,8,world-of-warcraft,11
1542,2018,8,pokemon-go,10
1543,2018,8,minecraft-bedrock-edition,10
1544,2018,8,oxygen-not-included,9
1545,2018,8,fortnite-battle-royale,7
1546,2018,8,technical-issues,7
1547,2018,8,fallout-4,5
1548,2018,8,xbox-one,5
1549,2018,8,the-elder-scrolls-v-skyrim,5
1550,2018,8,ps4,5
1551,2018,8,pc,5
1552,2018,8,monster-hunter-world,5
1553,2018,8,macos,4
1554,2018,8,nintendo-switch,4
1555,2018,8,grand-theft-auto-online,4
1556,2018,8,europa-universalis-iv,3
1557,2018,8,minecraft-legacy-console,3
1558,2018,8,controllers,3
1559,2018,8,linux,3
1560,2018,8,kerbal-space-program,3
1561,2018,8,overwatch,3
1562,2018,8,league-of-legends,3
1563,2018,8,dota-2,3
1564,2018,8,mods,3
1565,2018,8,stardew-valley,3
1566,2018,8,team-fortress-2,3
1567,2018,8,onrush,3
1568,2018,8,zelda-breath-of-the-wild,2
1569,2018,8,system-requirements,2
1570,2018,8,splatoon-2,2
1571,2018,8,nine-parchments,2
1572,2018,8,nintendo-3ds-3dsxl-2ds,2
1573,2018,8,counter-strike-global-offensive,2
1574,2018,8,terminology,2
1575,2018,8,cities-skylines,2
1576,2018,8,wii-u,2
1577,2018,8,fortnite-save-the-world,2
1578,2018,8,terraria,2
1579,2018,8,hearthstone,2
1580,2018,8,game-identification,2
1581,2018,8,ios,2
1582,2018,8,terraria-mobile,2
1583,2018,8,minecraft-optifine,2
1584,2018,8,minecraft-resource-packs,2
1585,2018,8,ps3,2
1586,2018,8,minecraft-redstone,2
1587,2018,8,grand-theft-auto-5,2
1588,2018,8,not-tonight,2
1589,2018,8,windows-10,2
1590,2018,8,keyboard,2
1591,2018,8,the-witcher-3,2
1592,2018,8,elite-dangerous,1
1593,2018,8,elite-dangerous-horizons,1
1594,2018,8,streaming,1
1595,2018,8,twitch,1
1596,2018,8,emulation,1
1597,2018,8,gaming-history,1
1598,2018,8,horizon-zero-dawn,1
1599,2018,8,horizon-zero-dawn-the-frozen-wilds,1
1600,2018,8,xcom-2,1
1601,2018,8,diablo-2,1
1602,2018,8,star-wars-commander,1
1603,2018,8,final-fantasy-12,1
1604,2018,8,asphalt-8,1
1605,2018,8,earth-defense-force-4.1,1
1606,2018,8,xbox-360,1
1607,2018,8,half-life-2,1
1608,2018,8,fallout-shelter,1
1609,2018,8,xbox,1
1610,2018,8,battleheart,1
1611,2018,8,psn,1
1612,2018,8,playstation-plus,1
1613,2018,8,splatoon-2-octo-expansion,1
1614,2018,8,donkey-kong-country-tropical-freeze,1
1615,2018,8,hollow-knight,1
1616,2018,8,subnautica,1
1617,2018,8,runescape,1
1618,2018,8,fallout-new-vegas,1
1619,2018,8,kingdoms-amalur-reckoning,1
1620,2018,8,kingdom-come-deliverance,1
1621,2018,8,geometry-dash,1
1622,2018,8,steam-mobile,1
1623,2018,8,ascension,1
1624,2018,8,civilization-5,1
1625,2018,8,pikmin-3,1
1626,2018,8,aspiring-artist,1
1627,2018,8,mario-kart-8-deluxe,1
1628,2018,8,my-nintendo,1
1629,2018,8,clash-royale,1
1630,2018,8,borderlands-series,1
1631,2018,8,crash-bandicoot-n-sane-trilogy,1
1632,2018,8,this-is-the-police-2,1
1633,2018,8,factorio,1
1634,2018,8,mega-man-x,1
1635,2018,8,dead-cells,1
1636,2018,8,idle-heroes,1
1637,2018,8,south-park-the-fractured-but-whole,1
1638,2018,8,dig-or-die,1
1639,2018,8,windows-7,1
1640,2018,8,fable,1
1641,2018,8,fable-anniversary,1
1642,2018,8,diablo-3-console,1
1643,2018,8,realm-of-the-mad-god,1
1644,2018,8,drm,1
1645,2018,8,conan-exiles,1
1646,2018,8,pokemon-quest,1
1647,2018,8,call-of-duty-modern-warfare-3,1
1648,2018,8,words-with-friends,1
1649,2018,8,half-life,1
1650,2018,8,civilization-beyond-earth,1
1651,2018,8,civ-beyond-earth-rising-tide,1
1652,2018,8,call-of-duty-advanced-warfare,1
1653,2018,8,dragon-quest,1
1654,2018,8,twin-saga,1
1655,2018,8,bloodborne,1
1656,2018,8,dark-souls,1
1657,2018,8,streetpass-mii-plaza,1
1658,2018,8,puzzle-swap,1
1659,2018,8,exapunks,1
1660,2018,8,discord,1
1661,2018,8,fallout,1
1662,2018,8,tf2-mann-vs-machine,1
1663,2018,8,nioh,1
1664,2018,8,fruit-ninja,1
1665,2018,8,cookie-clicker,1
1666,2018,8,achievements,1
1667,2018,8,god-of-war,1
1668,2018,8,dark-souls-3,1
1669,2018,8,starcraft-2,1
1670,2018,8,origin,1
1671,2018,8,battlefield-1,1
1672,2018,8,tiny-tower,1
1673,2018,8,android,1
1674,2018,8,gravity-rush-2,1
1675,2018,8,sleeping-dogs,1
1676,2018,8,new-nintendo-3ds-3dsxl-2ds-2dsxl,1
1677,2018,8,nintendo-eshop,1
1678,2018,8,skyrim-dawnguard,1
1679,2018,8,skyrim-hearthfire,1
1680,2018,8,luigis-mansion-dark-moon,1
1681,2018,8,minecraft-java-edition-server,1
1682,2018,8,minecraft-technic-pack,1
1683,2018,8,wine,1
1684,2018,8,dungeons-dragons-online,1
1685,2018,8,portal-2,1
1686,2018,8,steam-play,1
1687,2018,8,rift,1
1688,2018,8,iislands-of-war,1
1689,2018,8,guacamelee-2,1
1690,2018,8,super-smash-bros-brawl,1
1691,2018,8,dragonvale,1
1692,2018,8,hardware,1
1693,2018,8,mcedit,1
1694,2018,8,7-days-to-die,1
1695,2018,8,borderlands,1
1696,2018,8,roblox,1
1697,2018,8,wario-land-4,1
1698,2018,8,kittens-game,1
1699,2018,8,kingdom-of-loathing,1
1700,2018,8,recording,1
1701,2018,8,framerate,1
1702,2018,8,arcade,1
1703,2018,8,mame,1
1704,2018,8,7-billion-humans,1
1705,2018,8,pokemon-first-generation,1
1706,2018,8,clash-of-clans,1
1707,2018,8,civilization-6,1
1708,2018,8,rust,1
1709,2018,8,we-happy-few,1
1710,2018,8,carnevil,1
1711,2018,8,divinity-original-sin-2,1
1712,2018,8,dragon-city,1
1713,2018,8,dirt-3,1
1714,2018,8,project-zomboid,1
1715,2018,8,the-sims-mobile,1
1716,2018,8,fiz,1
1717,2018,8,version-differences,1
1718,2018,8,halcyon-6,1
1719,2018,8,the-bards-tale,1
1720,2018,8,what-remains-of-edith-finch,1
1721,2018,8,pokemon-series,1
1722,2018,8,rainbow-6-siege,1
1723,2018,8,danganronpa-v3,1
1724,2018,9,minecraft-java-edition,35
1725,2018,9,minecraft-commands,21
1726,2018,9,steam,12
1727,2018,9,pokemon-go,10
1728,2018,9,world-of-warcraft,9
1729,2018,9,two-point-hospital,9
1730,2018,9,the-elder-scrolls-v-skyrim,8
1731,2018,9,ps4,7
1732,2018,9,minecraft-bedrock-edition,7
1733,2018,9,horizon-zero-dawn,6
1734,2018,9,controllers,5
1735,2018,9,dragon-quest-xi,5
1736,2018,9,monster-hunter-world,4
1737,2018,9,factorio,4
1738,2018,9,zelda-breath-of-the-wild,4
1739,2018,9,terraria,3
1740,2018,9,xbox-one,3
1741,2018,9,overwatch,3
1742,2018,9,playerunknowns-battlegrounds,3
1743,2018,9,dota-2,3
1744,2018,9,destiny-2,3
1745,2018,9,diablo-2,3
1746,2018,9,minecraft-java-edition-server,3
1747,2018,9,warframe,3
1748,2018,9,battlefield-1,3
1749,2018,9,clash-of-clans,2
1750,2018,9,the-universim,2
1751,2018,9,xbox-360,2
1752,2018,9,psn,2
1753,2018,9,gran-turismo-sport,2
1754,2018,9,pc,2
1755,2018,9,minecraft-redstone,2
1756,2018,9,oxygen-not-included,2
1757,2018,9,black-desert-online,2
1758,2018,9,furistas-cat-cafe,2
1759,2018,9,framerate,2
1760,2018,9,hardware,2
1761,2018,9,dwarf-fortress,2
1762,2018,9,crusader-kings-2,2
1763,2018,9,mods,2
1764,2018,9,team-fortress-2,2
1765,2018,9,emulation,2
1766,2018,9,fallout-4,2
1767,2018,9,minecraft-spigot,2
1768,2018,9,version-differences,2
1769,2018,9,counter-strike-global-offensive,2
1770,2018,9,nintendo-switch,2
1771,2018,9,frozen-synapse-2,2
1772,2018,9,clash-royale,2
1773,2018,9,ps3,2
1774,2018,9,the-elder-scrolls-ii-daggerfall,1
1775,2018,9,halo-3-odst,1
1776,2018,9,talisman,1
1777,2018,9,wii-u,1
1778,2018,9,wiimote,1
1779,2018,9,hard-drive,1
1780,2018,9,cookie-clicker,1
1781,2018,9,mario-party-6,1
1782,2018,9,windows-10,1
1783,2018,9,super-starfish,1
1784,2018,9,resident-evil-6,1
1785,2018,9,macos,1
1786,2018,9,mafia-3,1
1787,2018,9,starcraft-2,1
1788,2018,9,android,1
1789,2018,9,path-of-exile,1
1790,2018,9,i-wanna-be-the-guy,1
1791,2018,9,free-fire,1
1792,2018,9,performance,1
1793,2018,9,prison-architect,1
1794,2018,9,rainbow-6-siege,1
1795,2018,9,swarm-simulator,1
1796,2018,9,nes,1
1797,2018,9,mighty-final-fight,1
1798,2018,9,minecraft-hexxit,1
1799,2018,9,monitor,1
1800,2018,9,fortnite-save-the-world,1
1801,2018,9,pinball,1
1802,2018,9,candy-box-2,1
1803,2018,9,lacuna-passage,1
1804,2018,9,destiny,1
1805,2018,9,forza-horizon-2,1
1806,2018,9,steam-family-sharing,1
1807,2018,9,minecraft-forge,1
1808,2018,9,vampire-the-masquerade-bloodlines,1
1809,2018,9,cheats,1
1810,2018,9,minecraft-feed-the-beast,1
1811,2018,9,my-boy,1
1812,2018,9,altos-adventure,1
1813,2018,9,rimworld,1
1814,2018,9,new-super-luigi-u,1
1815,2018,9,rogue-legacy,1
1816,2018,9,gems-of-war,1
1817,2018,9,blueprint-tycoon,1
1818,2018,9,left-4-dead-2,1
1819,2018,9,shogun-2-total-war,1
1820,2018,9,borderlands-pre-sequel,1
1821,2018,9,galaxian,1
1822,2018,9,the-oregon-trail,1
1823,2018,9,killing-floor-2,1
1824,2018,9,terminology,1
1825,2018,9,fire-emblem-heroes,1
1826,2018,9,xcom-long-war,1
1827,2018,9,thumper,1
1828,2018,9,scum,1
1829,2018,9,hyper-light-drifter,1
1830,2018,9,minecraft-mods,1
1831,2018,9,nintendo-eshop,1
1832,2018,9,digital-distribution,1
1833,2018,9,nier-automata,1
1834,2018,9,nintendo-3ds-3dsxl-2ds,1
1835,2018,9,roblox,1
1836,2018,9,kittens-game,1
1837,2018,9,final-fantasy-7,1
1838,2018,9,heroes-of-the-storm,1
1839,2018,9,djmax-respect,1
1840,2018,9,downasaur,1
1841,2018,9,the-elder-scrolls-online,1
1842,2018,9,achievements,1
1843,2018,9,donut-county,1
1844,2018,9,game-identification,1
1845,2018,9,xenoblade-chronicles-2,1
1846,2018,9,xenoblade-chronicles,1
1847,2018,9,breathedge,1
1848,2018,9,dungeon-crawl-stone-soup,1
1849,2018,9,rocket-league,1
1850,2018,9,a-hat-in-time,1
1851,2018,9,7-billion-humans,1
1852,2018,9,zelda-ocarina-of-time,1
1853,2018,9,windows,1
1854,2018,9,la-noire,1
1855,2018,9,fallout,1
1856,2018,9,slay-the-spire,1
1857,2018,9,plague-inc-evolved,1
1858,2018,9,cube-2-sauerbraten,1
1859,2018,9,minecraft-bedrock-edition-server,1
1860,2018,9,steam-community-market,1
1861,2018,9,minecraft-data-packs,1
1862,2018,9,surviving-mars,1
1863,2018,9,hollow-knight,1
1864,2018,9,atelier-totori-plus,1
1865,2018,9,tap-titans-2,1
1866,2018,9,kingdom-hearts-birth-by-sleep,1
1867,2018,9,game-music-identification,1
1868,2018,9,tap-titans,1
1869,2018,9,xcom-2,1
1870,2018,9,xcom-2-war-of-the-chosen,1
1871,2018,9,pathfinder-kingmaker,1
1872,2018,9,nintendo-64,1
1873,2018,9,super-mario-64,1
1874,2018,9,snes,1
1875,2018,9,cities-skylines,1
1876,2018,9,pixel-dungeon,1
1877,2018,9,fortnite-battle-royale,1
1878,2018,9,soul-calibur-vi,1
1879,2018,9,die-hard,1
1880,2018,9,starcraft,1
1881,2018,9,fallout-shelter,1
1882,2018,9,valkyria-chronicles-4,1
1883,2018,10,minecraft-java-edition,47
1884,2018,10,minecraft-commands,25
1885,2018,10,red-dead-redemption-2,18
1886,2018,10,minecraft-bedrock-edition,12
1887,2018,10,steam,12
1888,2018,10,world-of-warcraft,11
1889,2018,10,ps4,10
1890,2018,10,pokemon-go,8
1891,2018,10,destiny-2,8
1892,2018,10,the-elder-scrolls-v-skyrim,6
1893,2018,10,technical-issues,6
1894,2018,10,fallout-4,5
1895,2018,10,terraria,5
1896,2018,10,pc,5
1897,2018,10,minecraft-java-edition-server,4
1898,2018,10,achievements,4
1899,2018,10,fortnite-battle-royale,4
1900,2018,10,super-mario-party,4
1901,2018,10,dragalia-lost,3
1902,2018,10,minecraft-redstone,3
1903,2018,10,europa-universalis-iv,3
1904,2018,10,new-nintendo-3ds-3dsxl-2ds-2dsxl,3
1905,2018,10,path-of-exile,3
1906,2018,10,xcom-2,3
1907,2018,10,ps3,3
1908,2018,10,controllers,3
1909,2018,10,elite-dangerous,3
1910,2018,10,hardware,2
1911,2018,10,overwatch,2
1912,2018,10,doom-2016,2
1913,2018,10,team-fortress-2,2
1914,2018,10,monster-hunter-stories,2
1915,2018,10,cities-skylines,2
1916,2018,10,nintendo-switch,2
1917,2018,10,nintendo-network-id,2
1918,2018,10,skyrim-hearthfire,2
1919,2018,10,the-elder-scrolls-online,2
1920,2018,10,call-of-duty-black-ops-4,2
1921,2018,10,xcom-2-war-of-the-chosen,2
1922,2018,10,xbox-360,2
1923,2018,10,grand-theft-auto-online,2
1924,2018,10,windows-10,2
1925,2018,10,uplay,2
1926,2018,10,windows,2
1927,2018,10,clash-of-clans,2
1928,2018,10,grand-theft-auto-5,2
1929,2018,10,civilization-6,2
1930,2018,10,pokemon-second-generation,2
1931,2018,10,god-of-war-2018,2
1932,2018,10,tales-of-symphonia-hd,1
1933,2018,10,flash,1
1934,2018,10,arcade,1
1935,2018,10,pac-man,1
1936,2018,10,just-shapes-and-beats,1
1937,2018,10,zelda-skyward-sword,1
1938,2018,10,ios,1
1939,2018,10,d4-dark-dreams-dont-die,1
1940,2018,10,amiga,1
1941,2018,10,sidewinder,1
1942,2018,10,graphics-card,1
1943,2018,10,nvidia-geforce-experience,1
1944,2018,10,gothic-2,1
1945,2018,10,pathfinder-kingmaker,1
1946,2018,10,wine,1
1947,2018,10,the-settlers-3,1
1948,2018,10,fortnite-save-the-world,1
1949,2018,10,jurassic-world-evolution,1
1950,2018,10,let-it-die,1
1951,2018,10,assassins-creed-odyssey,1
1952,2018,10,gwent,1
1953,2018,10,forza-horizon-4,1
1954,2018,10,fallout-new-vegas,1
1955,2018,10,recursed,1
1956,2018,10,horizon-zero-dawn,1
1957,2018,10,monster-hunter-world,1
1958,2018,10,tf2-engineer,1
1959,2018,10,no-mans-sky,1
1960,2018,10,gog,1
1961,2018,10,super-mario-bros-3,1
1962,2018,10,nintendo-3ds-3dsxl-2ds,1
1963,2018,10,mass-effect,1
1964,2018,10,pokemon-third-generation,1
1965,2018,10,animal-crossing-new-leaf,1
1966,2018,10,fifa-online-3,1
1967,2018,10,sudoku,1
1968,2018,10,the-spongebob-squarepants-movie,1
1969,2018,10,psn,1
1970,2018,10,detroit-become-human,1
1971,2018,10,minesweeper,1
1972,2018,10,temple-run-2,1
1973,2018,10,persona-4,1
1974,2018,10,hollow-knight,1
1975,2018,10,renowned-explorers,1
1976,2018,10,minecraft-legacy-console,1
1977,2018,10,rocket-league,1
1978,2018,10,atelier-totori-plus,1
1979,2018,10,directx-11,1
1980,2018,10,steam-vr,1
1981,2018,10,windows-mixed-reality,1
1982,2018,10,magic-the-gathering-arena,1
1983,2018,10,pokemon-x-y,1
1984,2018,10,dark-souls,1
1985,2018,10,ultimate-driving-odessa,1
1986,2018,10,pokemon-seventh-generation,1
1987,2018,10,minecraft-resource-packs,1
1988,2018,10,wwe-2k14,1
1989,2018,10,super-mario-odyssey,1
1990,2018,10,snes,1
1991,2018,10,sega-genesis,1
1992,2018,10,region-lock,1
1993,2018,10,ark-survival-evolved,1
1994,2018,10,age-of-wonders,1
1995,2018,10,dragon-ball-fighterz,1
1996,2018,10,bayonetta,1
1997,2018,10,mods,1
1998,2018,10,minecraft-mods,1
1999,2018,10,tap-titans-2,1
2000,2018,10,minecraft-bedrock-edition-server,1
2001,2018,10,mobile,1
2002,2018,10,steam-family-sharing,1
2003,2018,10,arma-3,1
2004,2018,10,clash-royale,1
2005,2018,10,skyrim-dawnguard,1
2006,2018,10,skyrim-dragonborn,1
2007,2018,10,xbox-live,1
2008,2018,10,saints-row-iv,1
2009,2018,10,steam-cloud,1
2010,2018,10,kerbal-space-program,1
2011,2018,10,world-of-warships,1
2012,2018,10,animal-hot-springs,1
2013,2018,10,space-engineers,1
2014,2018,10,game-dev-story,1
2015,2018,10,recording,1
2016,2018,10,streaming,1
2017,2018,10,super-mario-sunshine,1
2018,2018,10,kittens-game,1
2019,2018,10,steam-workshop,1
2020,2018,10,source-filmmaker,1
2021,2018,10,the-binding-of-isaac-rebirth,1
2022,2018,10,rimworld,1
2023,2018,10,oculus-rift,1
2024,2018,10,arizona-sunshine,1
2025,2018,10,42-all-time-classics,1
2026,2018,10,elite-dangerous-horizons,1
2027,2018,10,ghostbusters-world,1
2028,2018,10,plague-inc,1
2029,2018,10,dark-souls-3,1
2030,2018,10,rollercoaster-tycoon-classic,1
2031,2018,10,rift,1
2032,2018,10,minecraft-tekkit,1
2033,2018,10,a-hat-in-time,1
2034,2018,10,super-mario-bros,1
2035,2018,10,runescape,1
2036,2018,10,command-and-conquer,1
2037,2018,10,pokemon-heart-gold-soul-silver,1
2038,2018,10,nintendo-wii,1
2039,2018,10,spider-man,1
2040,2018,10,whats-cooking,1
2041,2018,10,the-elder-scrolls-5-skyrim-vr,1
2042,2018,10,star-wars-the-old-republic,1
2043,2018,10,paper-mario-the-thousand-year-door,1
2044,2018,10,wildlife-park,1
2045,2018,10,final-fantasy-brave-exvius,1
2046,2018,10,ps-vita,1
2047,2018,10,dead-in-vinland,1
2048,2018,10,physical-media,1
2049,2018,10,borderlands-2,1
2050,2018,10,fifa-19,1
2051,2018,10,soul-calibur-3,1
2052,2018,10,ni-no-kuni-2-revenant-kingdom,1
2053,2018,10,fallout-series,1
2054,2018,11,minecraft-java-edition,43
2055,2018,11,red-dead-redemption-2,34
2056,2018,11,minecraft-commands,25
2057,2018,11,fallout-76,15
2058,2018,11,pokemon-lets-go,14
2059,2018,11,minecraft-bedrock-edition,11
2060,2018,11,pokemon-go,10
2061,2018,11,steam,9
2062,2018,11,the-elder-scrolls-v-skyrim,8
2063,2018,11,ps4,7
2064,2018,11,fallout-4,6
2065,2018,11,xbox-one,5
2066,2018,11,windows-10,5
2067,2018,11,technical-issues,5
2068,2018,11,undertale,5
2069,2018,11,xbox-360,4
2070,2018,11,terraria,4
2071,2018,11,world-of-warcraft,4
2072,2018,11,ps3,4
2073,2018,11,starcraft-2,4
2074,2018,11,destiny-2,3
2075,2018,11,diablo-3,3
2076,2018,11,kerbal-space-program,3
2077,2018,11,nintendo-switch,3
2078,2018,11,clash-of-clans,3
2079,2018,11,europa-universalis-iv,3
2080,2018,11,counter-strike-global-offensive,3
2081,2018,11,horizon-zero-dawn,3
2082,2018,11,linux,3
2083,2018,11,roblox,3
2084,2018,11,grand-theft-auto-5,2
2085,2018,11,euro-truck-simulator-2,2
2086,2018,11,terraria-mobile,2
2087,2018,11,minecraft-education-edition,2
2088,2018,11,super-mario-odyssey,2
2089,2018,11,the-witness,2
2090,2018,11,android,2
2091,2018,11,playerunknowns-battlegrounds,2
2092,2018,11,for-the-king,2
2093,2018,11,rimworld,2
2094,2018,11,ingress,2
2095,2018,11,fire-emblem-heroes,2
2096,2018,11,hard-drive,2
2097,2018,11,performance,2
2098,2018,11,arcade,2
2099,2018,11,fortnite-battle-royale,2
2100,2018,11,macos,2
2101,2018,11,nintendo-3ds-3dsxl-2ds,2
2102,2018,11,portal-2,2
2103,2018,11,horizon-zero-dawn-the-frozen-wilds,2
2104,2018,11,dwarf-fortress,2
2105,2018,11,minecraft-legacy-console,2
2106,2018,11,controllers,2
2107,2018,11,dota-2,2
2108,2018,11,artifact,2
2109,2018,11,pc,2
2110,2018,11,hearthstone,2
2111,2018,11,call-of-duty-modern-warfare-2,1
2112,2018,11,south-park-the-fractured-but-whole,1
2113,2018,11,pokemon-black-white,1
2114,2018,11,civilization-5,1
2115,2018,11,civilization-5-gods-and-kings,1
2116,2018,11,fallout-shelter,1
2117,2018,11,torchlight-2,1
2118,2018,11,google-doodles,1
2119,2018,11,thronebreaker-the-witcher-tales,1
2120,2018,11,xbox-live,1
2121,2018,11,subnautica,1
2122,2018,11,simpleplanes,1
2123,2018,11,emulation,1
2124,2018,11,the-elder-scrolls-5-skyrim-vr,1
2125,2018,11,warhammer-ii-total-war,1
2126,2018,11,galaxy-on-fire-2,1
2127,2018,11,my-hero-ones-justice,1
2128,2018,11,minecraft-industrialcraft,1
2129,2018,11,starfox-zero,1
2130,2018,11,onrush,1
2131,2018,11,the-binding-of-isaac-afterbirth+,1
2132,2018,11,party-hard-2,1
2133,2018,11,fiz,1
2134,2018,11,harry-potter-hogwarts-mystery,1
2135,2018,11,mario-kart-8,1
2136,2018,11,minecraft-java-edition-server,1
2137,2018,11,hosting,1
2138,2018,11,server-administration,1
2139,2018,11,fifa-19,1
2140,2018,11,diablo-3-console,1
2141,2018,11,amiibo,1
2142,2018,11,kingdom-new-lands,1
2143,2018,11,call-of-duty-black-ops-4,1
2144,2018,11,monster-hunter-stories,1
2145,2018,11,ragnarok-mobile,1
2146,2018,11,owlboy,1
2147,2018,11,dragon-quest-9,1
2148,2018,11,rock-band-4,1
2149,2018,11,guitar-hero-warriors-rock,1
2150,2018,11,super-mario-3d-world,1
2151,2018,11,tales-of-maj-eyal,1
2152,2018,11,recording,1
2153,2018,11,steam-in-home-streaming,1
2154,2018,11,dishonored,1
2155,2018,11,resident-evil-revelations,1
2156,2018,11,playstation-plus,1
2157,2018,11,league-of-legends,1
2158,2018,11,harvest-moon-back-to-nature,1
2159,2018,11,hero-u,1
2160,2018,11,borderlands-2,1
2161,2018,11,borderlands-pre-sequel,1
2162,2018,11,bad-north,1
2163,2018,11,the-witcher-3,1
2164,2018,11,graphics-card,1
2165,2018,11,monitor,1
2166,2018,11,moonlighter,1
2167,2018,11,paper-mario-the-thousand-year-door,1
2168,2018,11,wine,1
2169,2018,11,disgaea-5,1
2170,2018,11,pokemon-omega-ruby-alpha-sapphire,1
2171,2018,11,pokemon-bank,1
2172,2018,11,star-wars-battlefront-2,1
2173,2018,11,zelda-majoras-mask-3d,1
2174,2018,11,god-of-war-series,1
2175,2018,11,minecraft-resource-packs,1
2176,2018,11,xcom-2,1
2177,2018,11,satans-hollow,1
2178,2018,11,magicka,1
2179,2018,11,magicka-2,1
2180,2018,11,diablo-2,1
2181,2018,11,fallout-series,1
2182,2018,11,spyro-year-of-the-dragon,1
2183,2018,11,spyro-reignited-trilogy,1
2184,2018,11,bayonetta,1
2185,2018,11,psn,1
2186,2018,11,rainbow-6-siege,1
2187,2018,11,five-nights-series,1
2188,2018,11,competitive-gaming,1
2189,2018,11,assassins-creed-rebellion,1
2190,2018,11,dead-space,1
2191,2018,11,unturned,1
2192,2018,11,might-and-magic-6-mandate-of-heaven,1
2193,2018,11,hitman-2,1
2194,2018,11,mario-kart-wii,1
2195,2018,11,donkey-kong-64,1
2196,2018,11,the-bards-tale,1
2197,2018,11,minecraft-optifine,1
2198,2018,11,source-engine,1
2199,2018,11,achievements,1
2200,2018,11,pokemon-diamond-pearl-platinum,1
2201,2018,11,dark-souls-2,1
2202,2018,11,nintendogs-and-cats,1
2203,2018,11,star-wars-jedi-challenges,1
2204,2018,11,candy-box-2,1
2205,2018,11,ghostbusters-world,1
2206,2018,11,animal-crossing-new-leaf,1
2207,2018,11,the-long-dark,1
2208,2018,11,kingdom-hearts,1
2209,2018,11,game-identification,1
2210,2018,11,humble-bundle,1
2211,2018,11,vector,1
2212,2018,11,surviving-mars,1
2213,2018,11,7-days-to-die,1
2214,2018,11,terraria-console,1
2215,2018,11,hollow-knight,1
2216,2018,11,final-fantasy-brave-exvius,1
2217,2018,11,hammer,1
2218,2018,11,warframe,1
2219,2018,11,rust,1
2220,2018,11,pokemon-sun-moon,1
2221,2018,11,command-and-conquer-rivals,1
2222,2018,11,no-mans-sky,1
2223,2018,11,darksiders-3,1
2224,2018,11,origin,1
2225,2018,11,sims-2,1
2226,2018,11,terminology,1
2227,2018,11,warcraft-3,1
2228,2018,11,battletech,1
2229,2018,12,minecraft-java-edition,65
2230,2018,12,minecraft-commands,33
2231,2018,12,super-smash-bros-ultimate,28
2232,2018,12,minecraft-bedrock-edition,17
2233,2018,12,ps4,17
2234,2018,12,pokemon-lets-go,12
2235,2018,12,technical-issues,12
2236,2018,12,xbox-one,11
2237,2018,12,controllers,10
2238,2018,12,red-dead-redemption-2,10
2239,2018,12,civilization-5,10
2240,2018,12,civilization-5-brave-new-world,10
2241,2018,12,steam,9
2242,2018,12,crusader-kings-2,8
2243,2018,12,pc,7
2244,2018,12,no-mans-sky,6
2245,2018,12,the-elder-scrolls-v-skyrim,6
2246,2018,12,minecraft-java-edition-server,6
2247,2018,12,x4-foundations,6
2248,2018,12,kerbal-space-program,6
2249,2018,12,achievements,5
2250,2018,12,darksiders-3,5
2251,2018,12,xbox-360,5
2252,2018,12,nintendo-switch,5
2253,2018,12,counter-strike-global-offensive,5
2254,2018,12,mods,5
2255,2018,12,ios,4
2256,2018,12,ps3,4
2257,2018,12,fallout-76,4
2258,2018,12,pokemon-go,4
2259,2018,12,psn,4
2260,2018,12,playstation-plus,4
2261,2018,12,path-of-exile,4
2262,2018,12,dwarf-fortress,4
2263,2018,12,fortnite-battle-royale,4
2264,2018,12,dota-2,3
2265,2018,12,minecraft-legacy-console,3
2266,2018,12,clash-of-clans,3
2267,2018,12,terraria,3
2268,2018,12,dead-by-daylight,3
2269,2018,12,hardware,3
2270,2018,12,game-identification,3
2271,2018,12,xbox-live,3
2272,2018,12,team-fortress-2,3
2273,2018,12,league-of-legends,3
2274,2018,12,gwent,3
2275,2018,12,stellaris,3
2276,2018,12,civilization-6,3
2277,2018,12,pathfinder-kingmaker,2
2278,2018,12,half-life,2
2279,2018,12,oxygen-not-included,2
2280,2018,12,super-smash-bros-melee,2
2281,2018,12,terminology,2
2282,2018,12,elite-dangerous,2
2283,2018,12,grand-theft-auto-online,2
2284,2018,12,call-of-duty-black-ops-4,2
2285,2018,12,grand-theft-auto-san-andreas,2
2286,2018,12,assassins-creed-rebellion,2
2287,2018,12,minecraft-redstone,2
2288,2018,12,grand-theft-auto-5,2
2289,2018,12,red-dead-online,2
2290,2018,12,super-mario-odyssey,2
2291,2018,12,artifact,2
2292,2018,12,undertale,2
2293,2018,12,age-of-empires-ii-hd,2
2294,2018,12,fallout-4,2
2295,2018,12,runescape,2
2296,2018,12,phantom-doctrine,2
2297,2018,12,starlink,2
2298,2018,12,dungeons-of-dredmor,1
2299,2018,12,gears-of-war-4,1
2300,2018,12,danmachi-memoria-freese,1
2301,2018,12,snakebird,1
2302,2018,12,mario-kart-wii,1
2303,2018,12,portal,1
2304,2018,12,skyrim-hearthfire,1
2305,2018,12,grand-theft-auto-3,1
2306,2018,12,fallout-3,1
2307,2018,12,openttd,1
2308,2018,12,assassins-creed-series,1
2309,2018,12,surviving-mars,1
2310,2018,12,mario-kart-8-deluxe,1
2311,2018,12,overwatch,1
2312,2018,12,dragalia-lost,1
2313,2018,12,world-of-warcraft,1
2314,2018,12,darksiders,1
2315,2018,12,super-smash-bros-brawl,1
2316,2018,12,world-of-tanks,1
2317,2018,12,hosting,1
2318,2018,12,dont-starve-together,1
2319,2018,12,dolphin-emulator,1
2320,2018,12,mario-plus-rabbids-kingdom-battle,1
2321,2018,12,elite-dangerous-horizons,1
2322,2018,12,battletech,1
2323,2018,12,keyboard,1
2324,2018,12,deltarune,1
2325,2018,12,assassins-creed,1
2326,2018,12,uplay,1
2327,2018,12,divinity-original-sin-2,1
2328,2018,12,graphics-card,1
2329,2018,12,civilization-5-gods-and-kings,1
2330,2018,12,android,1
2331,2018,12,super-mario-run,1
2332,2018,12,hard-drive,1
2333,2018,12,eye-divine-cybermancy,1
2334,2018,12,super-smash-bros-4,1
2335,2018,12,gears-of-war-3,1
2336,2018,12,euro-truck-simulator-2,1
2337,2018,12,minecraft-mods,1
2338,2018,12,battlefield-v,1
2339,2018,12,mobile-legends,1
2340,2018,12,egg-inc,1
2341,2018,12,human-fall-flat,1
2342,2018,12,darksiders-2,1
2343,2018,12,mcedit,1
2344,2018,12,tf2-scout,1
2345,2018,12,linux,1
2346,2018,12,the-elder-scrolls-iv-oblivion,1
2347,2018,12,dark-souls-3,1
2348,2018,12,hamachi,1
2349,2018,12,hdmi,1
2350,2018,12,emulation,1
2351,2018,12,windows,1
2352,2018,12,mame,1
2353,2018,12,dishonored,1
2354,2018,12,dishonored-2,1
2355,2018,12,arma-3,1
2356,2018,12,system-requirements,1
2357,2018,12,borderlands,1
2358,2018,12,everspace,1
2359,2018,12,below,1
2360,2018,12,metal-gear-solid-5-the-phantom-pain,1
2361,2018,12,hearthstone,1
2362,2018,12,pokemon-seventh-generation,1
2363,2018,12,forza-horizon-4,1
2364,2018,12,age-of-empires-ii-the-age-of-kings,1
2365,2018,12,ni-no-kuni-wrath-of-the-white-witch,1
2366,2018,12,splatoon-2,1
2367,2018,12,splatoon-2-octo-expansion,1
2368,2018,12,server-administration,1
2369,2018,12,tf2-mann-vs-machine,1
2370,2018,12,ps-vita,1
2371,2018,12,kittens-game,1
2372,2018,12,sea-of-thieves,1
2373,2018,12,mount-and-blade-warband,1
2374,2018,12,gog,1
2375,2018,12,project-zomboid,1
2376,2018,12,monster-hunter-world,1
2377,2018,12,monument-valley,1
2378,2018,12,pokemon-omega-ruby-alpha-sapphire,1
2379,2018,12,playerunknowns-battlegrounds,1
2380,2018,12,terraria-mobile,1
2381,2018,12,fire-emblem-gaiden,1
2382,2018,12,oldschool-runescape,1
2383,2018,12,counter-strike,1
2384,2018,12,goldsrc-engine,1
2385,2018,12,macos,1
2386,2018,12,wine,1
2387,2018,12,trivia-crack,1
2388,2018,12,pokemon-ruby-sapphire-emerald,1
2389,2018,12,my-boy,1
2390,2018,12,steam-family-sharing,1
2391,2018,12,region-lock,1
2392,2018,12,yokus-island-express,1
2393,2018,12,final-fantasy-15,1
2394,2018,12,into-the-breach,1
2395,2018,12,magic-the-gathering-arena,1
2396,2018,12,cheats,1
2397,2018,12,super-mario-html5,1
2398,2018,12,pokemon-first-generation,1
2399,2018,12,phantasy-star-online,1
2400,2018,12,sega-dreamcast,1
2401,2018,12,killing-floor-2,1
2402,2018,12,warhammer-40k-mechanicus,1
2403,2018,12,octopath-traveler,1
2404,2018,12,playstation-now,1
2405,2018,12,dragon-age-inquisition,1
2406,2018,12,stardew-valley,1
2407,2018,12,fez,1
2408,2018,12,the-witness,1
2409,2018,12,text-adventure,1
2410,2018,12,hollow-knight,1
2411,2018,12,fortnite-save-the-world,1
2412,2018,12,minecraft-buildcraft,1
2413,2018,12,fire-emblem-thracia-776,1
2414,2018,12,warlords-battlecry-2,1
2415,2018,12,warframe,1
