,Year,Month,TagName,Month_Count
0,2016,1,rules,25
1,2016,1,american-football,16
2,2016,1,football,10
3,2016,1,nfl,10
4,2016,1,cricket,7
5,2016,1,trivia,7
6,2016,1,officiating,7
7,2016,1,tennis,7
8,2016,1,baseball,6
9,2016,1,basketball,6
10,2016,1,equipment,6
11,2016,1,statistics,5
12,2016,1,terminology,5
13,2016,1,nba,5
14,2016,1,ice-hockey,4
15,2016,1,sports-psychology,3
16,2016,1,strategy,3
17,2016,1,history,3
18,2016,1,etiquette,2
19,2016,1,team-dynamics,2
20,2016,1,quidditch,2
21,2016,1,golf,2
22,2016,1,skiing,2
23,2016,1,records,2
24,2016,1,coaching,2
25,2016,1,finances,2
26,2016,1,formula-1,2
27,2016,1,volleyball,2
28,2016,1,training,2
29,2016,1,injuries,2
30,2016,1,squash,2
31,2016,1,tie-breaker,2
32,2016,1,mlb,2
33,2016,1,collegiate,1
34,2016,1,swimming,1
35,2016,1,skateboarding,1
36,2016,1,surfing,1
37,2016,1,suspension,1
38,2016,1,cross-country-skiing,1
39,2016,1,media,1
40,2016,1,road-racing,1
41,2016,1,racquetball,1
42,2016,1,ice-skating,1
43,2016,1,serve,1
44,2016,1,fifa,1
45,2016,1,transfer,1
46,2016,1,performance,1
47,2016,1,biathlon,1
48,2016,1,ranking,1
49,2016,1,darts,1
50,2016,1,awards,1
51,2016,1,badminton,1
52,2016,1,snowboarding,1
53,2016,1,tactics,1
54,2016,1,english-premier-league,1
55,2016,1,schedule,1
56,2016,1,technique,1
57,2016,1,running,1
58,2016,1,track-and-field,1
59,2016,1,formations,1
60,2016,2,football,17
61,2016,2,rules,16
62,2016,2,trivia,11
63,2016,2,cricket,9
64,2016,2,records,9
65,2016,2,american-football,6
66,2016,2,equipment,5
67,2016,2,history,4
68,2016,2,skiing,4
69,2016,2,nfl,4
70,2016,2,basketball,3
71,2016,2,training,3
72,2016,2,injuries,3
73,2016,2,terminology,3
74,2016,2,officiating,2
75,2016,2,tennis,2
76,2016,2,statistics,2
77,2016,2,nba,2
78,2016,2,technique,1
79,2016,2,snowboarding,1
80,2016,2,badminton,1
81,2016,2,darts,1
82,2016,2,english-premier-league,1
83,2016,2,champions-league,1
84,2016,2,ice-hockey,1
85,2016,2,field-hockey,1
86,2016,2,track-and-field,1
87,2016,2,video-review,1
88,2016,2,suspension,1
89,2016,2,scoring,1
90,2016,2,foosball,1
91,2016,2,touch-rugby,1
92,2016,2,snooker,1
93,2016,2,roller-derby,1
94,2016,2,baseball,1
95,2016,2,beach-volleyball,1
96,2016,2,serie-a,1
97,2016,2,super-bowl,1
98,2016,2,schedule,1
99,2016,2,pool,1
100,2016,2,world-cup,1
101,2016,2,table-tennis,1
102,2016,2,maintenance,1
103,2016,2,sumo-wrestling,1
104,2016,2,doping,1
105,2016,2,mma,1
106,2016,3,rules,20
107,2016,3,cricket,14
108,2016,3,football,8
109,2016,3,trivia,6
110,2016,3,history,6
111,2016,3,officiating,5
112,2016,3,technique,5
113,2016,3,tennis,4
114,2016,3,baseball,4
115,2016,3,equipment,4
116,2016,3,basketball,4
117,2016,3,records,2
118,2016,3,international-sports,2
119,2016,3,media,2
120,2016,3,pro-wrestling,2
121,2016,3,injuries,2
122,2016,3,training,2
123,2016,3,running,2
124,2016,3,track-and-field,2
125,2016,3,rugby-union,2
126,2016,3,terminology,2
127,2016,3,pitching,2
128,2016,3,nba,2
129,2016,3,wrestling,1
130,2016,3,participation,1
131,2016,3,finances,1
132,2016,3,labor-relations,1
133,2016,3,volleyball,1
134,2016,3,ice-skating,1
135,2016,3,awards,1
136,2016,3,boxing,1
137,2016,3,mma,1
138,2016,3,cycleball,1
139,2016,3,ice-hockey,1
140,2016,3,nhl,1
141,2016,3,biathlon,1
142,2016,3,american-football,1
143,2016,3,copa-america,1
144,2016,3,collegiate,1
145,2016,3,skiing,1
146,2016,3,softball,1
147,2016,3,wicket,1
148,2016,3,cricket-world-cup,1
149,2016,3,world-cup,1
150,2016,3,scoring,1
151,2016,3,tournaments,1
152,2016,3,atp,1
153,2016,3,wta,1
154,2016,4,rules,20
155,2016,4,football,16
156,2016,4,cricket,9
157,2016,4,equipment,7
158,2016,4,statistics,6
159,2016,4,training,5
160,2016,4,baseball,5
161,2016,4,officiating,4
162,2016,4,ice-hockey,4
163,2016,4,international-sports,3
164,2016,4,injuries,3
165,2016,4,nhl,3
166,2016,4,boxing,3
167,2016,4,formula-e,2
168,2016,4,champions-league,2
169,2016,4,softball,2
170,2016,4,postseason,2
171,2016,4,stanley-cup,2
172,2016,4,golf,2
173,2016,4,tennis,1
174,2016,4,cycling,1
175,2016,4,track-and-field,1
176,2016,4,doping,1
177,2016,4,rugby-union,1
178,2016,4,venues,1
179,2016,4,copa-america,1
180,2016,4,fifa,1
181,2016,4,media,1
182,2016,4,american-football,1
183,2016,4,video-review,1
184,2016,4,basketball,1
185,2016,4,nba,1
186,2016,4,indian-premier-league,1
187,2016,4,tactics,1
188,2016,4,history,1
189,2016,4,mlb,1
190,2016,4,horse-racing,1
191,2016,4,suspension,1
192,2016,4,terminology,1
193,2016,4,technique,1
194,2016,4,swimming,1
195,2016,4,coaching,1
196,2016,4,quidditch,1
197,2016,4,uefa,1
198,2016,4,europa-league,1
199,2016,4,cricket-world-cup,1
200,2016,4,scoring,1
201,2016,4,trivia,1
202,2016,4,pga-tour,1
203,2016,4,formula-1,1
204,2016,5,rules,27
205,2016,5,baseball,16
206,2016,5,officiating,11
207,2016,5,football,10
208,2016,5,trivia,9
209,2016,5,basketball,8
210,2016,5,statistics,8
211,2016,5,records,6
212,2016,5,cricket,6
213,2016,5,tennis,6
214,2016,5,badminton,5
215,2016,5,mlb,4
216,2016,5,international-sports,4
217,2016,5,ice-hockey,4
218,2016,5,equipment,4
219,2016,5,powerlifting,4
220,2016,5,history,3
221,2016,5,olympics,3
222,2016,5,doping,3
223,2016,5,nba,3
224,2016,5,awards,2
225,2016,5,triathlon,2
226,2016,5,nhl,2
227,2016,5,sabermetrics,2
228,2016,5,video-review,2
229,2016,5,tournaments,2
230,2016,5,ranking,2
231,2016,5,boxing,2
232,2016,5,coaching,1
233,2016,5,track-and-field,1
234,2016,5,biathlon,1
235,2016,5,draft,1
236,2016,5,postseason,1
237,2016,5,stanley-cup,1
238,2016,5,golf,1
239,2016,5,road-racing,1
240,2016,5,horse-racing,1
241,2016,5,running,1
242,2016,5,marathon,1
243,2016,5,euro,1
244,2016,5,beach-volleyball,1
245,2016,5,strategy,1
246,2016,5,venues,1
247,2016,5,futsal,1
248,2016,5,swimming,1
249,2016,5,pitching,1
250,2016,5,tie-breaker,1
251,2016,5,instant-replay,1
252,2016,5,volleyball,1
253,2016,5,scuba-diving,1
254,2016,5,water-sports,1
255,2016,5,american-football,1
256,2016,5,team-dynamics,1
257,2016,5,cycling,1
258,2016,5,technique,1
259,2016,5,skating,1
260,2016,5,snooker,1
261,2016,5,champions-league,1
262,2016,5,media,1
263,2016,5,weightlifting,1
264,2016,5,terminology,1
265,2016,5,formula-1,1
266,2016,5,injuries,1
267,2016,6,rules,25
268,2016,6,football,23
269,2016,6,baseball,12
270,2016,6,statistics,7
271,2016,6,nba,5
272,2016,6,officiating,4
273,2016,6,terminology,4
274,2016,6,cricket,4
275,2016,6,basketball,4
276,2016,6,scoring,3
277,2016,6,records,3
278,2016,6,equipment,3
279,2016,6,history,3
280,2016,6,world-cup,3
281,2016,6,trivia,3
282,2016,6,rugby,3
283,2016,6,ice-hockey,2
284,2016,6,uefa,2
285,2016,6,euro,2
286,2016,6,strategy,2
287,2016,6,awards,2
288,2016,6,international-sports,2
289,2016,6,american-football,2
290,2016,6,technique,2
291,2016,6,duckworth-lewis,2
292,2016,6,transfer,2
293,2016,6,finances,2
294,2016,6,rugby-union,2
295,2016,6,climbing,1
296,2016,6,english-premier-league,1
297,2016,6,badminton,1
298,2016,6,tournaments,1
299,2016,6,nfl,1
300,2016,6,maintenance,1
301,2016,6,inline-hockey,1
302,2016,6,inline-skating,1
303,2016,6,defense,1
304,2016,6,nhl,1
305,2016,6,stanley-cup,1
306,2016,6,boxing,1
307,2016,6,draft,1
308,2016,6,pool,1
309,2016,6,mlb,1
310,2016,6,tennis,1
311,2016,6,gender,1
312,2016,6,fifa,1
313,2016,6,transaction,1
314,2016,6,softball,1
315,2016,6,field-hockey,1
316,2016,6,injuries,1
317,2016,6,sports-psychology,1
318,2016,6,water-polo,1
319,2016,6,coaching,1
320,2016,6,training,1
321,2016,6,betting,1
322,2016,6,horse-racing,1
323,2016,6,goalkeeper,1
324,2016,7,rules,24
325,2016,7,football,15
326,2016,7,trivia,11
327,2016,7,baseball,8
328,2016,7,cricket,7
329,2016,7,ranking,6
330,2016,7,records,5
331,2016,7,history,4
332,2016,7,track-and-field,4
333,2016,7,table-tennis,4
334,2016,7,cycling,4
335,2016,7,basketball,4
336,2016,7,euro,3
337,2016,7,olympics,3
338,2016,7,pool,3
339,2016,7,tour-de-france,3
340,2016,7,mlb,2
341,2016,7,serve,2
342,2016,7,formula-1,2
343,2016,7,terminology,2
344,2016,7,equipment,2
345,2016,7,officiating,2
346,2016,7,awards,2
347,2016,7,technology,2
348,2016,7,nba,2
349,2016,7,road-racing,1
350,2016,7,penalty-shot,1
351,2016,7,media,1
352,2016,7,tennis,1
353,2016,7,atp,1
354,2016,7,strategy,1
355,2016,7,tournaments,1
356,2016,7,suspension,1
357,2016,7,statistics,1
358,2016,7,ittf,1
359,2016,7,squash,1
360,2016,7,world-cup,1
361,2016,7,betting,1
362,2016,7,technique,1
363,2016,7,american-football,1
364,2016,7,nfl,1
365,2016,7,training,1
366,2016,7,coaching,1
367,2016,7,running,1
368,2016,7,swimming,1
369,2016,7,performance,1
370,2016,7,golf,1
371,2016,7,major-leagues,1
372,2016,7,hall-of-fame,1
373,2016,7,badminton,1
374,2016,7,archery,1
375,2016,7,softball,1
376,2016,7,auto-racing,1
377,2016,7,fiba,1
378,2016,8,olympics,37
379,2016,8,rules,23
380,2016,8,trivia,16
381,2016,8,football,12
382,2016,8,equipment,9
383,2016,8,officiating,8
384,2016,8,history,8
385,2016,8,terminology,7
386,2016,8,awards,6
387,2016,8,baseball,5
388,2016,8,swimming,5
389,2016,8,american-football,5
390,2016,8,running,5
391,2016,8,track-and-field,5
392,2016,8,technique,5
393,2016,8,uefa,4
394,2016,8,diving,4
395,2016,8,volleyball,4
396,2016,8,scoring,3
397,2016,8,formula-1,3
398,2016,8,auto-racing,3
399,2016,8,ice-hockey,3
400,2016,8,nhl,3
401,2016,8,records,3
402,2016,8,boxing,3
403,2016,8,cricket,3
404,2016,8,nfl,3
405,2016,8,champions-league,3
406,2016,8,mlb,2
407,2016,8,basketball,2
408,2016,8,ranking,2
409,2016,8,martial-arts,2
410,2016,8,gender,2
411,2016,8,badminton,2
412,2016,8,racket,2
413,2016,8,europa-league,2
414,2016,8,beach-volleyball,2
415,2016,8,finances,2
416,2016,8,schedule,2
417,2016,8,tactics,2
418,2016,8,tennis,2
419,2016,8,nba,2
420,2016,8,english-premier-league,1
421,2016,8,gymnastics,1
422,2016,8,judo,1
423,2016,8,ahl,1
424,2016,8,injuries,1
425,2016,8,skating,1
426,2016,8,bowling,1
427,2016,8,world-cup,1
428,2016,8,statistics,1
429,2016,8,penalty-shot,1
430,2016,8,cycling,1
431,2016,8,mma,1
432,2016,8,weightlifting,1
433,2016,8,media,1
434,2016,8,wrestling,1
435,2016,8,serve,1
436,2016,8,racewalking,1
437,2016,8,archery,1
438,2016,8,decathlon,1
439,2016,8,table-tennis,1
440,2016,8,rugby,1
441,2016,8,golf,1
442,2016,8,pool,1
443,2016,8,dodgeball,1
444,2016,8,squash,1
445,2016,9,rules,13
446,2016,9,baseball,7
447,2016,9,trivia,7
448,2016,9,football,7
449,2016,9,statistics,6
450,2016,9,mlb,6
451,2016,9,scoring,4
452,2016,9,history,3
453,2016,9,american-football,3
454,2016,9,terminology,3
455,2016,9,tennis,2
456,2016,9,technique,2
457,2016,9,paralympics,2
458,2016,9,officiating,2
459,2016,9,cricket,2
460,2016,9,basketball,2
461,2016,9,sports-psychology,2
462,2016,9,volleyball,2
463,2016,9,formula-1,1
464,2016,9,auto-racing,1
465,2016,9,olympics,1
466,2016,9,champions-league,1
467,2016,9,awards,1
468,2016,9,nfl,1
469,2016,9,doping,1
470,2016,9,penalty-shot,1
471,2016,9,swimming,1
472,2016,9,sailing,1
473,2016,9,tactics,1
474,2016,9,equipment,1
475,2016,9,records,1
476,2016,9,gaelic-football,1
477,2016,10,rules,10
478,2016,10,baseball,8
479,2016,10,trivia,6
480,2016,10,football,5
481,2016,10,statistics,5
482,2016,10,american-football,4
483,2016,10,cricket,4
484,2016,10,history,4
485,2016,10,equipment,3
486,2016,10,maintenance,3
487,2016,10,basketball,3
488,2016,10,golf,2
489,2016,10,table-tennis,2
490,2016,10,officiating,2
491,2016,10,ice-hockey,2
492,2016,10,mlb,2
493,2016,10,technique,2
494,2016,10,records,2
495,2016,10,strategy,1
496,2016,10,coaching,1
497,2016,10,terminology,1
498,2016,10,nhl,1
499,2016,10,racket,1
500,2016,10,tennis,1
501,2016,10,match-identification,1
502,2016,10,swimming,1
503,2016,10,freestyle,1
504,2016,10,butterfly,1
505,2016,10,world-cup,1
506,2016,10,volleyball,1
507,2016,10,badminton,1
508,2016,10,sports-psychology,1
509,2016,10,transfer,1
510,2016,10,nbdl,1
511,2016,11,rules,21
512,2016,11,football,10
513,2016,11,american-football,8
514,2016,11,cricket,7
515,2016,11,nfl,4
516,2016,11,officiating,4
517,2016,11,trivia,2
518,2016,11,records,2
519,2016,11,collegiate,2
520,2016,11,history,2
521,2016,11,basketball,2
522,2016,11,formula-1,2
523,2016,11,tennis,2
524,2016,11,ice-hockey,2
525,2016,11,championship,1
526,2016,11,baseball,1
527,2016,11,equipment,1
528,2016,11,airsoft,1
529,2016,11,duckworth-lewis,1
530,2016,11,betting,1
531,2016,11,terminology,1
532,2016,11,sailing,1
533,2016,11,indian-premier-league,1
534,2016,11,pool,1
535,2016,11,penalty-shot,1
536,2016,11,coaching,1
537,2016,11,tactics,1
538,2016,11,media,1
539,2016,11,nba,1
540,2016,11,amateur,1
541,2016,11,mlb,1
542,2016,11,pitching,1
543,2016,11,grand-slam,1
544,2016,11,davis-cup,1
545,2016,11,nhl,1
546,2016,11,draft,1
547,2016,11,statistics,1
548,2016,12,american-football,14
549,2016,12,rules,9
550,2016,12,basketball,7
551,2016,12,nfl,7
552,2016,12,football,5
553,2016,12,nba,5
554,2016,12,collegiate,5
555,2016,12,statistics,5
556,2016,12,tie-breaker,3
557,2016,12,baseball,3
558,2016,12,equipment,2
559,2016,12,ice-hockey,2
560,2016,12,tennis,2
561,2016,12,olympics,2
562,2016,12,defense,2
563,2016,12,cricket,2
564,2016,12,history,2
565,2016,12,trivia,2
566,2016,12,officiating,2
567,2016,12,awards,2
568,2016,12,media,1
569,2016,12,terminology,1
570,2016,12,fans,1
571,2016,12,table-tennis,1
572,2016,12,uefa,1
573,2016,12,champions-league,1
574,2016,12,maintenance,1
575,2016,12,amateur,1
576,2016,12,rugby,1
577,2016,12,golf,1
578,2016,12,technique,1
579,2016,12,badminton,1
580,2016,12,tactics,1
581,2016,12,ranking,1
582,2016,12,strategy,1
583,2016,12,records,1
584,2016,12,swimming,1
585,2016,12,training,1
586,2016,12,injuries,1
587,2016,12,skateboarding,1
588,2016,12,nhl,1
589,2016,12,own-goal,1
590,2016,12,major-leagues,1
591,2017,1,rules,12
592,2017,1,football,9
593,2017,1,officiating,7
594,2017,1,american-football,7
595,2017,1,trivia,7
596,2017,1,basketball,5
597,2017,1,statistics,4
598,2017,1,history,4
599,2017,1,nba,3
600,2017,1,nfl,3
601,2017,1,cricket,3
602,2017,1,ice-hockey,2
603,2017,1,postseason,2
604,2017,1,running,2
605,2017,1,road-running,2
606,2017,1,tennis,2
607,2017,1,collegiate,2
608,2017,1,ranking,1
609,2017,1,badminton,1
610,2017,1,english-premier-league,1
611,2017,1,baseball,1
612,2017,1,suspension,1
613,2017,1,finances,1
614,2017,1,own-goal,1
615,2017,1,marathon,1
616,2017,1,etiquette,1
617,2017,1,schedule,1
618,2017,1,table-tennis,1
619,2017,1,racket,1
620,2017,1,terminology,1
621,2017,1,cross-country-skiing,1
622,2017,1,pool,1
623,2017,1,snooker,1
624,2017,2,trivia,14
625,2017,2,rules,13
626,2017,2,statistics,13
627,2017,2,cricket,9
628,2017,2,tennis,8
629,2017,2,football,8
630,2017,2,basketball,7
631,2017,2,baseball,6
632,2017,2,american-football,5
633,2017,2,nfl,5
634,2017,2,history,4
635,2017,2,officiating,4
636,2017,2,terminology,4
637,2017,2,nba,4
638,2017,2,strategy,3
639,2017,2,ice-hockey,3
640,2017,2,tournaments,2
641,2017,2,schedule,2
642,2017,2,skiing,2
643,2017,2,super-bowl,2
644,2017,2,sabermetrics,2
645,2017,2,formula-1,2
646,2017,2,auto-racing,2
647,2017,2,equipment,2
648,2017,2,venues,2
649,2017,2,tactics,2
650,2017,2,records,2
651,2017,2,track-and-field,2
652,2017,2,technique,2
653,2017,2,golf,2
654,2017,2,mlb,2
655,2017,2,nhl,2
656,2017,2,olympics,2
657,2017,2,badminton,2
658,2017,2,futsal,1
659,2017,2,ranking,1
660,2017,2,video-review,1
661,2017,2,postseason,1
662,2017,2,scoring,1
663,2017,2,special-teams,1
664,2017,2,instant-replay,1
665,2017,2,training,1
666,2017,2,squash,1
667,2017,2,own-goal,1
668,2017,2,atp,1
669,2017,2,gymnastics,1
670,2017,2,cycling,1
671,2017,2,triathlon,1
672,2017,2,uefa,1
673,2017,2,nascar,1
674,2017,2,pga-tour,1
675,2017,2,lpga-tour,1
676,2017,2,champions-league,1
677,2017,2,volleyball,1
678,2017,2,transaction,1
679,2017,2,international-sports,1
680,2017,2,awards,1
681,2017,2,pool,1
682,2017,2,collegiate,1
683,2017,2,draft,1
684,2017,2,english-premier-league,1
685,2017,2,la-liga,1
686,2017,2,bundesliga,1
687,2017,2,goalkeeper,1
688,2017,2,qualifying,1
689,2017,2,betting,1
690,2017,2,serve,1
691,2017,2,grand-slam,1
692,2017,2,jersey,1
693,2017,2,cricket-world-cup,1
694,2017,3,football,11
695,2017,3,rules,9
696,2017,3,trivia,8
697,2017,3,basketball,7
698,2017,3,ice-hockey,6
699,2017,3,cricket,6
700,2017,3,nhl,5
701,2017,3,officiating,5
702,2017,3,statistics,5
703,2017,3,history,4
704,2017,3,terminology,3
705,2017,3,tennis,3
706,2017,3,american-football,3
707,2017,3,baseball,2
708,2017,3,awards,2
709,2017,3,volleyball,2
710,2017,3,nba,2
711,2017,3,finances,2
712,2017,3,nfl,2
713,2017,3,technique,2
714,2017,3,world-cup,2
715,2017,3,ranking,2
716,2017,3,postseason,2
717,2017,3,transfer,1
718,2017,3,beach-volleyball,1
719,2017,3,olympics,1
720,2017,3,formula-1,1
721,2017,3,atp,1
722,2017,3,champions-league,1
723,2017,3,third-umpire,1
724,2017,3,strategy,1
725,2017,3,transaction,1
726,2017,3,penalty-shot,1
727,2017,3,curling,1
728,2017,3,major-leagues,1
729,2017,3,hall-of-fame,1
730,2017,3,golf,1
731,2017,3,pga-tour,1
732,2017,3,own-goal,1
733,2017,3,pool,1
734,2017,3,tie-breaker,1
735,2017,3,world-baseball-classic,1
736,2017,3,table-tennis,1
737,2017,3,ittf,1
738,2017,3,fiba,1
739,2017,3,fifa,1
740,2017,3,suspension,1
741,2017,3,softball,1
742,2017,3,badminton,1
743,2017,3,racket,1
744,2017,3,equipment,1
745,2017,3,airsoft,1
746,2017,4,rules,20
747,2017,4,football,16
748,2017,4,ice-hockey,11
749,2017,4,nhl,10
750,2017,4,trivia,10
751,2017,4,baseball,8
752,2017,4,officiating,6
753,2017,4,tennis,5
754,2017,4,tournaments,4
755,2017,4,atp,4
756,2017,4,basketball,3
757,2017,4,equipment,3
758,2017,4,wta,3
759,2017,4,postseason,3
760,2017,4,cricket,3
761,2017,4,penalty-shot,2
762,2017,4,tie-breaker,2
763,2017,4,english-premier-league,2
764,2017,4,champions-league,2
765,2017,4,own-goal,2
766,2017,4,statistics,2
767,2017,4,training,2
768,2017,4,squash,2
769,2017,4,track-and-field,2
770,2017,4,records,2
771,2017,4,mlb,2
772,2017,4,technique,2
773,2017,4,history,1
774,2017,4,europa-league,1
775,2017,4,world-cup,1
776,2017,4,floorball,1
777,2017,4,field-hockey,1
778,2017,4,boxing,1
779,2017,4,olympics,1
780,2017,4,golf,1
781,2017,4,scoring,1
782,2017,4,jersey,1
783,2017,4,stanley-cup,1
784,2017,4,gender,1
785,2017,4,international-sports,1
786,2017,4,nba,1
787,2017,4,sports-psychology,1
788,2017,4,american-football,1
789,2017,4,nfl,1
790,2017,4,world-baseball-classic,1
791,2017,4,transaction,1
792,2017,4,grand-slam,1
793,2017,4,volleyball,1
794,2017,4,formations,1
795,2017,5,rules,17
796,2017,5,baseball,12
797,2017,5,trivia,6
798,2017,5,ice-hockey,5
799,2017,5,nhl,5
800,2017,5,cricket,5
801,2017,5,basketball,4
802,2017,5,football,4
803,2017,5,nba,4
804,2017,5,mlb,4
805,2017,5,statistics,4
806,2017,5,officiating,3
807,2017,5,pool,3
808,2017,5,postseason,3
809,2017,5,equipment,3
810,2017,5,records,3
811,2017,5,running,2
812,2017,5,goalkeeper,1
813,2017,5,terminology,1
814,2017,5,scoring,1
815,2017,5,volleyball,1
816,2017,5,injuries,1
817,2017,5,gender,1
818,2017,5,lacrosse,1
819,2017,5,marathon,1
820,2017,5,road-running,1
821,2017,5,formula-e,1
822,2017,5,relegations,1
823,2017,5,iihf,1
824,2017,5,draft,1
825,2017,5,tie-breaker,1
826,2017,5,europa-league,1
827,2017,5,tennis,1
828,2017,5,squash,1
829,2017,5,legal-issues,1
830,2017,5,formula-1,1
831,2017,5,auto-racing,1
832,2017,5,icc,1
833,2017,5,skateboarding,1
834,2017,5,spin,1
835,2017,5,stanley-cup,1
836,2017,5,table-tennis,1
837,2017,5,serve,1
838,2017,5,ittf,1
839,2017,5,penalty-shot,1
840,2017,5,collegiate,1
841,2017,6,rules,13
842,2017,6,cricket,13
843,2017,6,baseball,11
844,2017,6,mlb,8
845,2017,6,trivia,8
846,2017,6,statistics,7
847,2017,6,football,6
848,2017,6,officiating,4
849,2017,6,ice-hockey,4
850,2017,6,draft,4
851,2017,6,history,3
852,2017,6,nhl,3
853,2017,6,world-cup,2
854,2017,6,terminology,2
855,2017,6,formula-1,2
856,2017,6,nba,2
857,2017,6,records,1
858,2017,6,afc,1
859,2017,6,geography,1
860,2017,6,participation,1
861,2017,6,basketball,1
862,2017,6,running,1
863,2017,6,rugby-union,1
864,2017,6,scoring,1
865,2017,6,icc,1
866,2017,6,tie-breaker,1
867,2017,6,sabermetrics,1
868,2017,6,beach-volleyball,1
869,2017,6,squash,1
870,2017,6,tennis,1
871,2017,6,grand-slam,1
872,2017,6,auto-racing,1
873,2017,6,road-racing,1
874,2017,6,qualifying,1
875,2017,6,transfer,1
876,2017,6,sports-psychology,1
877,2017,6,penalty-shot,1
878,2017,6,awards,1
879,2017,6,fans,1
880,2017,6,injuries,1
881,2017,6,olympics,1
882,2017,6,climbing,1
883,2017,6,indoor-climbing,1
884,2017,7,rules,26
885,2017,7,baseball,21
886,2017,7,trivia,19
887,2017,7,football,16
888,2017,7,tennis,14
889,2017,7,mlb,12
890,2017,7,cricket,8
891,2017,7,la-liga,4
892,2017,7,basketball,4
893,2017,7,atp,4
894,2017,7,history,4
895,2017,7,home-run,4
896,2017,7,formula-1,4
897,2017,7,officiating,4
898,2017,7,american-football,4
899,2017,7,fifa,3
900,2017,7,equipment,3
901,2017,7,ranking,3
902,2017,7,cycling,3
903,2017,7,tour-de-france,3
904,2017,7,collegiate,3
905,2017,7,serie-a,2
906,2017,7,bundesliga,2
907,2017,7,training,2
908,2017,7,technique,2
909,2017,7,video-review,2
910,2017,7,serve,2
911,2017,7,english-premier-league,2
912,2017,7,wta,2
913,2017,7,finances,2
914,2017,7,records,2
915,2017,7,wimbledon,2
916,2017,7,nfl,2
917,2017,7,cfl,2
918,2017,7,transfer,2
919,2017,7,own-goal,2
920,2017,7,swimming,1
921,2017,7,uefa,1
922,2017,7,racket,1
923,2017,7,performance,1
924,2017,7,international-sports,1
925,2017,7,media,1
926,2017,7,mls,1
927,2017,7,collectibles,1
928,2017,7,track-and-field,1
929,2017,7,nba,1
930,2017,7,tie-breaker,1
931,2017,7,pitching,1
932,2017,7,olympics,1
933,2017,7,boxing,1
934,2017,7,suspension,1
935,2017,7,running,1
936,2017,7,helmet,1
937,2017,7,table-tennis,1
938,2017,7,grand-slam,1
939,2017,7,betting,1
940,2017,7,horse-racing,1
941,2017,7,pool,1
942,2017,7,statistics,1
943,2017,7,penalty-shot,1
944,2017,7,softball,1
945,2017,7,goalkeeper,1
946,2017,7,cricket-world-cup,1
947,2017,7,strategy,1
948,2017,8,football,23
949,2017,8,rules,21
950,2017,8,baseball,14
951,2017,8,trivia,13
952,2017,8,records,10
953,2017,8,mlb,7
954,2017,8,history,6
955,2017,8,tennis,5
956,2017,8,equipment,5
957,2017,8,ranking,4
958,2017,8,cricket,4
959,2017,8,atp,3
960,2017,8,wta,3
961,2017,8,ice-hockey,3
962,2017,8,tournaments,3
963,2017,8,uefa,3
964,2017,8,la-liga,3
965,2017,8,statistics,3
966,2017,8,terminology,2
967,2017,8,penalty-shot,2
968,2017,8,golf,2
969,2017,8,scoring,2
970,2017,8,table-tennis,2
971,2017,8,track-and-field,2
972,2017,8,athletics,2
973,2017,8,officiating,2
974,2017,8,bundesliga,2
975,2017,8,grand-slam,2
976,2017,8,jersey,1
977,2017,8,cycling,1
978,2017,8,tour-de-france,1
979,2017,8,fifa,1
980,2017,8,transfer,1
981,2017,8,serve,1
982,2017,8,running,1
983,2017,8,strategy,1
984,2017,8,australian-rules-football,1
985,2017,8,tie-breaker,1
986,2017,8,spin,1
987,2017,8,ice-skating,1
988,2017,8,heptathlon,1
989,2017,8,decathlon,1
990,2017,8,injuries,1
991,2017,8,home-run,1
992,2017,8,icc,1
993,2017,8,cricket-world-cup,1
994,2017,8,doping,1
995,2017,8,english-premier-league,1
996,2017,8,itf,1
997,2017,8,pool,1
998,2017,8,copa-america,1
999,2017,8,schedule,1
1000,2017,8,world-cup,1
1001,2017,8,qualifying,1
1002,2017,9,rules,25
1003,2017,9,football,16
1004,2017,9,nfl,10
1005,2017,9,trivia,8
1006,2017,9,american-football,8
1007,2017,9,cricket,8
1008,2017,9,statistics,7
1009,2017,9,mlb,6
1010,2017,9,officiating,5
1011,2017,9,baseball,5
1012,2017,9,history,4
1013,2017,9,basketball,4
1014,2017,9,tennis,4
1015,2017,9,records,4
1016,2017,9,tie-breaker,3
1017,2017,9,technique,3
1018,2017,9,english-premier-league,2
1019,2017,9,nba,2
1020,2017,9,terminology,2
1021,2017,9,international-sports,2
1022,2017,9,media,2
1023,2017,9,spin,2
1024,2017,9,penalty-shot,2
1025,2017,9,fans,1
1026,2017,9,venues,1
1027,2017,9,kabaddi,1
1028,2017,9,volleyball,1
1029,2017,9,ice-hockey,1
1030,2017,9,nhl,1
1031,2017,9,golf,1
1032,2017,9,atp,1
1033,2017,9,wta,1
1034,2017,9,wicket,1
1035,2017,9,tactics,1
1036,2017,9,mls,1
1037,2017,9,beach-volleyball,1
1038,2017,9,grand-slam,1
1039,2017,9,suspension,1
1040,2017,9,indian-premier-league,1
1041,2017,9,sabermetrics,1
1042,2017,9,ranking,1
1043,2017,9,formula-1,1
1044,2017,9,uefa,1
1045,2017,9,champions-league,1
1046,2017,9,australian-rules-football,1
1047,2017,9,own-goal,1
1048,2017,9,equipment,1
1049,2017,9,disc-golf,1
1050,2017,9,olympics,1
1051,2017,9,team-dynamics,1
1052,2017,9,collegiate,1
1053,2017,9,cfl,1
1054,2017,9,table-tennis,1
1055,2017,9,pool,1
1056,2017,9,scoring,1
1057,2017,9,cba,1
1058,2017,9,coaching,1
1059,2017,10,rules,17
1060,2017,10,football,12
1061,2017,10,baseball,9
1062,2017,10,american-football,6
1063,2017,10,nfl,6
1064,2017,10,mlb,6
1065,2017,10,trivia,5
1066,2017,10,basketball,5
1067,2017,10,officiating,4
1068,2017,10,cricket,4
1069,2017,10,terminology,4
1070,2017,10,equipment,4
1071,2017,10,venues,3
1072,2017,10,table-tennis,3
1073,2017,10,betting,3
1074,2017,10,rugby-league,2
1075,2017,10,tennis,2
1076,2017,10,formula-1,2
1077,2017,10,ranking,2
1078,2017,10,nba,2
1079,2017,10,uefa,2
1080,2017,10,racket,2
1081,2017,10,tie-breaker,2
1082,2017,10,fiba,2
1083,2017,10,technique,2
1084,2017,10,rugby,1
1085,2017,10,scoring,1
1086,2017,10,surfing,1
1087,2017,10,tournaments,1
1088,2017,10,cfl,1
1089,2017,10,statistics,1
1090,2017,10,sports-psychology,1
1091,2017,10,futsal,1
1092,2017,10,match-fixing,1
1093,2017,10,injuries,1
1094,2017,10,boxing,1
1095,2017,10,champions-league,1
1096,2017,10,technology,1
1097,2017,10,penalty-shot,1
1098,2017,10,indian-premier-league,1
1099,2017,10,schedule,1
1100,2017,10,nhl,1
1101,2017,10,postseason,1
1102,2017,10,badminton,1
1103,2017,10,track-and-field,1
1104,2017,11,rules,17
1105,2017,11,football,11
1106,2017,11,cricket,7
1107,2017,11,trivia,6
1108,2017,11,american-football,6
1109,2017,11,tennis,4
1110,2017,11,basketball,4
1111,2017,11,officiating,3
1112,2017,11,table-tennis,3
1113,2017,11,nfl,3
1114,2017,11,training,2
1115,2017,11,pool,2
1116,2017,11,scoring,2
1117,2017,11,mlb,2
1118,2017,11,atp,2
1119,2017,11,schedule,2
1120,2017,11,technique,2
1121,2017,11,statistics,2
1122,2017,11,world-cup,2
1123,2017,11,snooker,1
1124,2017,11,volleyball,1
1125,2017,11,collegiate,1
1126,2017,11,special-teams,1
1127,2017,11,serve,1
1128,2017,11,ice-hockey,1
1129,2017,11,nhl,1
1130,2017,11,draft,1
1131,2017,11,wicket,1
1132,2017,11,australian-rules-football,1
1133,2017,11,records,1
1134,2017,11,kart-racing,1
1135,2017,11,postseason,1
1136,2017,11,ranking,1
1137,2017,11,ittf,1
1138,2017,11,racket,1
1139,2017,11,fifa,1
1140,2017,11,rugby-union,1
1141,2017,11,olympics,1
1142,2017,11,awards,1
1143,2017,11,doping,1
1144,2017,11,swimming,1
1145,2017,11,water-sports,1
1146,2017,11,freestyle,1
1147,2017,11,history,1
1148,2017,11,auto-racing,1
1149,2017,11,baseball,1
1150,2017,11,terminology,1
1151,2017,11,own-goal,1
1152,2017,12,rules,11
1153,2017,12,football,10
1154,2017,12,trivia,6
1155,2017,12,cricket,5
1156,2017,12,american-football,4
1157,2017,12,records,4
1158,2017,12,nfl,3
1159,2017,12,terminology,3
1160,2017,12,history,3
1161,2017,12,schedule,2
1162,2017,12,champions-league,2
1163,2017,12,la-liga,2
1164,2017,12,ranking,2
1165,2017,12,awards,2
1166,2017,12,statistics,2
1167,2017,12,pool,2
1168,2017,12,badminton,2
1169,2017,12,officiating,2
1170,2017,12,equipment,1
1171,2017,12,golf,1
1172,2017,12,technology,1
1173,2017,12,olympics,1
1174,2017,12,tournaments,1
1175,2017,12,qualifying,1
1176,2017,12,curling,1
1177,2017,12,tennis,1
1178,2017,12,atp,1
1179,2017,12,running,1
1180,2017,12,athletics,1
1181,2017,12,baseball,1
1182,2017,12,basketball,1
1183,2017,12,gender,1
1184,2017,12,formations,1
1185,2017,12,quarterback,1
1186,2017,12,venues,1
1187,2017,12,major-leagues,1
1188,2017,12,international-sports,1
1189,2017,12,auto-racing,1
1190,2017,12,road-racing,1
1191,2017,12,archery,1
1192,2017,12,mma,1
1193,2018,1,rules,24
1194,2018,1,cricket,11
1195,2018,1,football,9
1196,2018,1,statistics,7
1197,2018,1,trivia,7
1198,2018,1,american-football,7
1199,2018,1,officiating,7
1200,2018,1,nfl,6
1201,2018,1,tennis,6
1202,2018,1,terminology,4
1203,2018,1,badminton,4
1204,2018,1,basketball,4
1205,2018,1,technique,3
1206,2018,1,records,3
1207,2018,1,awards,3
1208,2018,1,nba,3
1209,2018,1,scoring,3
1210,2018,1,wta,3
1211,2018,1,transfer,2
1212,2018,1,equipment,2
1213,2018,1,tactics,2
1214,2018,1,video-review,2
1215,2018,1,ice-hockey,2
1216,2018,1,atp,2
1217,2018,1,table-tennis,1
1218,2018,1,skiing,1
1219,2018,1,water-polo,1
1220,2018,1,champions-league,1
1221,2018,1,icc,1
1222,2018,1,darts,1
1223,2018,1,history,1
1224,2018,1,postseason,1
1225,2018,1,cricket-world-cup,1
1226,2018,1,handball,1
1227,2018,1,serve,1
1228,2018,1,ranking,1
1229,2018,1,horse-racing,1
1230,2018,1,grand-slam,1
1231,2018,1,pool,1
1232,2018,1,nhl,1
1233,2018,1,venues,1
1234,2018,1,fans,1
1235,2018,1,schedule,1
1236,2018,1,cycling,1
1237,2018,1,training,1
1238,2018,1,fiba,1
1239,2018,1,baseball,1
1240,2018,1,mlb,1
1241,2018,1,suspension,1
1242,2018,2,rules,25
1243,2018,2,olympics,12
1244,2018,2,trivia,9
1245,2018,2,curling,8
1246,2018,2,equipment,7
1247,2018,2,football,6
1248,2018,2,terminology,6
1249,2018,2,american-football,6
1250,2018,2,nfl,5
1251,2018,2,cricket,5
1252,2018,2,history,4
1253,2018,2,basketball,4
1254,2018,2,skiing,4
1255,2018,2,ice-hockey,3
1256,2018,2,strategy,3
1257,2018,2,snowboarding,3
1258,2018,2,tactics,3
1259,2018,2,tennis,2
1260,2018,2,super-bowl,2
1261,2018,2,champions-league,2
1262,2018,2,nba,2
1263,2018,2,ice-skating,2
1264,2018,2,pool,2
1265,2018,2,speed-skating,2
1266,2018,2,awards,1
1267,2018,2,atp,1
1268,2018,2,nhl,1
1269,2018,2,scoring,1
1270,2018,2,field-goal,1
1271,2018,2,tournaments,1
1272,2018,2,dancing,1
1273,2018,2,draft,1
1274,2018,2,nascar,1
1275,2018,2,officiating,1
1276,2018,2,uefa,1
1277,2018,2,europa-league,1
1278,2018,2,badminton,1
1279,2018,2,biathlon,1
1280,2018,2,spin,1
1281,2018,2,weightlifting,1
1282,2018,2,bobsleigh,1
1283,2018,2,doping,1
1284,2018,2,paintball,1
1285,2018,2,technique,1
1286,2018,2,ranking,1
1287,2018,2,maintenance,1
1288,2018,2,pro-wrestling,1
1289,2018,2,technology,1
1290,2018,2,statistics,1
1291,2018,2,swimming,1
1292,2018,2,cycling,1
1293,2018,3,rules,18
1294,2018,3,cricket,13
1295,2018,3,football,7
1296,2018,3,basketball,5
1297,2018,3,nhl,4
1298,2018,3,ice-hockey,3
1299,2018,3,fifa,3
1300,2018,3,trivia,3
1301,2018,3,tie-breaker,3
1302,2018,3,history,2
1303,2018,3,records,2
1304,2018,3,statistics,2
1305,2018,3,wicket,2
1306,2018,3,weightlifting,2
1307,2018,3,pool,2
1308,2018,3,nba,2
1309,2018,3,finances,2
1310,2018,3,cricket-world-cup,2
1311,2018,3,goalkeeper,1
1312,2018,3,promotions,1
1313,2018,3,relegations,1
1314,2018,3,major-leagues,1
1315,2018,3,snooker,1
1316,2018,3,instant-replay,1
1317,2018,3,running,1
1318,2018,3,athletics,1
1319,2018,3,technology,1
1320,2018,3,defense,1
1321,2018,3,baseball,1
1322,2018,3,tournaments,1
1323,2018,3,championship,1
1324,2018,3,terminology,1
1325,2018,3,betting,1
1326,2018,3,ice-skating,1
1327,2018,3,volleyball,1
1328,2018,3,tennis,1
1329,2018,3,ranking,1
1330,2018,3,track-and-field,1
1331,2018,3,world-cup,1
1332,2018,3,technique,1
1333,2018,3,table-tennis,1
1334,2018,3,serve,1
1335,2018,3,officiating,1
1336,2018,3,uefa,1
1337,2018,3,formula-1,1
1338,2018,3,olympics,1
1339,2018,4,rules,22
1340,2018,4,football,12
1341,2018,4,cricket,12
1342,2018,4,trivia,11
1343,2018,4,baseball,9
1344,2018,4,mlb,6
1345,2018,4,ice-hockey,6
1346,2018,4,nhl,5
1347,2018,4,basketball,4
1348,2018,4,nba,4
1349,2018,4,postseason,4
1350,2018,4,indian-premier-league,3
1351,2018,4,officiating,3
1352,2018,4,awards,2
1353,2018,4,champions-league,2
1354,2018,4,scoring,2
1355,2018,4,american-football,2
1356,2018,4,nfl,2
1357,2018,4,tennis,2
1358,2018,4,stanley-cup,2
1359,2018,4,tie-breaker,1
1360,2018,4,venues,1
1361,2018,4,boxing,1
1362,2018,4,transfer,1
1363,2018,4,la-liga,1
1364,2018,4,media,1
1365,2018,4,golf,1
1366,2018,4,history,1
1367,2018,4,records,1
1368,2018,4,icc,1
1369,2018,4,table-tennis,1
1370,2018,4,terminology,1
1371,2018,4,major-leagues,1
1372,2018,4,etiquette,1
1373,2018,4,video-review,1
1374,2018,4,cycling,1
1375,2018,4,volleyball,1
1376,2018,4,statistics,1
1377,2018,4,match-fixing,1
1378,2018,4,snooker,1
1379,2018,4,instant-replay,1
1380,2018,5,cricket,11
1381,2018,5,rules,11
1382,2018,5,basketball,10
1383,2018,5,nba,10
1384,2018,5,postseason,9
1385,2018,5,trivia,8
1386,2018,5,football,5
1387,2018,5,history,4
1388,2018,5,ice-hockey,3
1389,2018,5,nhl,3
1390,2018,5,stanley-cup,3
1391,2018,5,baseball,3
1392,2018,5,coaching,3
1393,2018,5,pool,3
1394,2018,5,snooker,3
1395,2018,5,equipment,3
1396,2018,5,golf,2
1397,2018,5,mlb,2
1398,2018,5,statistics,2
1399,2018,5,olympics,2
1400,2018,5,tennis,2
1401,2018,5,records,2
1402,2018,5,international-sports,2
1403,2018,5,officiating,2
1404,2018,5,strategy,2
1405,2018,5,finances,1
1406,2018,5,australian-rules-football,1
1407,2018,5,qualifying,1
1408,2018,5,athletics,1
1409,2018,5,media,1
1410,2018,5,scoring,1
1411,2018,5,jersey,1
1412,2018,5,awards,1
1413,2018,5,major-leagues,1
1414,2018,5,championship,1
1415,2018,5,collegiate,1
1416,2018,5,badminton,1
1417,2018,5,hawk-eye,1
1418,2018,5,surfing,1
1419,2018,5,volleyball,1
1420,2018,5,beach-volleyball,1
1421,2018,6,football,31
1422,2018,6,world-cup,21
1423,2018,6,rules,14
1424,2018,6,tennis,7
1425,2018,6,basketball,6
1426,2018,6,trivia,6
1427,2018,6,formula-1,5
1428,2018,6,fifa,5
1429,2018,6,statistics,4
1430,2018,6,terminology,4
1431,2018,6,officiating,4
1432,2018,6,nba,3
1433,2018,6,atp,3
1434,2018,6,baseball,3
1435,2018,6,media,3
1436,2018,6,mlb,3
1437,2018,6,strategy,3
1438,2018,6,venues,3
1439,2018,6,goalkeeper,3
1440,2018,6,records,2
1441,2018,6,postseason,2
1442,2018,6,cricket,2
1443,2018,6,rugby-union,2
1444,2018,6,scoring,2
1445,2018,6,ranking,2
1446,2018,6,formations,2
1447,2018,6,skateboarding,2
1448,2018,6,equipment,2
1449,2018,6,video-review,2
1450,2018,6,history,2
1451,2018,6,match-identification,2
1452,2018,6,wta,1
1453,2018,6,qualifying,1
1454,2018,6,betting,1
1455,2018,6,horse-racing,1
1456,2018,6,american-football,1
1457,2018,6,nfl,1
1458,2018,6,field-goal,1
1459,2018,6,mma,1
1460,2018,6,ufc,1
1461,2018,6,cycling,1
1462,2018,6,olympics,1
1463,2018,6,table-tennis,1
1464,2018,6,racket,1
1465,2018,6,softball,1
1466,2018,6,spectators,1
1467,2018,6,technique,1
1468,2018,6,finances,1
1469,2018,6,tie-breaker,1
1470,2018,6,running,1
1471,2018,6,coaching,1
1472,2018,6,serve,1
1473,2018,6,sabermetrics,1
1474,2018,6,tactics,1
1475,2018,7,football,32
1476,2018,7,rules,25
1477,2018,7,world-cup,12
1478,2018,7,trivia,11
1479,2018,7,basketball,7
1480,2018,7,nba,7
1481,2018,7,tennis,6
1482,2018,7,baseball,6
1483,2018,7,history,6
1484,2018,7,penalty-shot,4
1485,2018,7,fifa,4
1486,2018,7,mlb,4
1487,2018,7,strategy,3
1488,2018,7,volleyball,3
1489,2018,7,formula-1,3
1490,2018,7,terminology,3
1491,2018,7,american-football,3
1492,2018,7,officiating,2
1493,2018,7,records,2
1494,2018,7,coaching,2
1495,2018,7,technique,2
1496,2018,7,serve,2
1497,2018,7,wimbledon,2
1498,2018,7,video-review,2
1499,2018,7,etiquette,2
1500,2018,7,auto-racing,2
1501,2018,7,cricket,2
1502,2018,7,uefa,2
1503,2018,7,transfer,2
1504,2018,7,ranking,1
1505,2018,7,legal-issues,1
1506,2018,7,tactics,1
1507,2018,7,golf,1
1508,2018,7,match-identification,1
1509,2018,7,fans,1
1510,2018,7,spectators,1
1511,2018,7,goalkeeper,1
1512,2018,7,running,1
1513,2018,7,marathon,1
1514,2018,7,half-marathon,1
1515,2018,7,snooker,1
1516,2018,7,substitution,1
1517,2018,7,champions-league,1
1518,2018,7,copa-libertadores,1
1519,2018,7,collegiate,1
1520,2018,7,cricket-world-cup,1
1521,2018,7,spin,1
1522,2018,7,bowling,1
1523,2018,7,tie-breaker,1
1524,2018,7,mls,1
1525,2018,7,euro,1
1526,2018,7,scoring,1
1527,2018,7,own-goal,1
1528,2018,7,nfl,1
1529,2018,7,postseason,1
1530,2018,7,transaction,1
1531,2018,7,table-tennis,1
1532,2018,7,sports-psychology,1
1533,2018,7,finances,1
1534,2018,7,concacaf,1
1535,2018,7,equipment,1
1536,2018,7,formations,1
1537,2018,8,rules,14
1538,2018,8,football,9
1539,2018,8,snooker,5
1540,2018,8,trivia,3
1541,2018,8,american-football,3
1542,2018,8,golf,2
1543,2018,8,world-cup,2
1544,2018,8,terminology,2
1545,2018,8,basketball,2
1546,2018,8,equipment,2
1547,2018,8,baseball,2
1548,2018,8,swimming,1
1549,2018,8,olympics,1
1550,2018,8,ufc,1
1551,2018,8,bundesliga,1
1552,2018,8,major-leagues,1
1553,2018,8,ice-hockey,1
1554,2018,8,nhl,1
1555,2018,8,statistics,1
1556,2018,8,pga-tour,1
1557,2018,8,serve,1
1558,2018,8,racquetball,1
1559,2018,8,technique,1
1560,2018,8,etiquette,1
1561,2018,8,pool,1
1562,2018,8,cricket,1
1563,2018,8,icc,1
1564,2018,8,records,1
1565,2018,8,track-and-field,1
1566,2018,8,athletics,1
1567,2018,8,strategy,1
1568,2018,8,international-sports,1
1569,2018,8,maintenance,1
1570,2018,8,tennis,1
1571,2018,8,davis-cup,1
1572,2018,8,championship,1
1573,2018,8,boxing,1
1574,2018,8,mlb,1
1575,2018,8,pitching,1
1576,2018,8,nba,1
1577,2018,8,awards,1
1578,2018,8,triathlon,1
1579,2018,8,formula-1,1
1580,2018,8,auto-racing,1
1581,2018,8,running,1
1582,2018,8,freestyle,1
1583,2018,8,gymnastics,1
1584,2018,8,injuries,1
1585,2018,8,goalkeeper,1
1586,2018,9,rules,13
1587,2018,9,football,9
1588,2018,9,american-football,7
1589,2018,9,tennis,6
1590,2018,9,trivia,5
1591,2018,9,nfl,4
1592,2018,9,statistics,3
1593,2018,9,officiating,3
1594,2018,9,formula-1,3
1595,2018,9,technique,3
1596,2018,9,history,3
1597,2018,9,cricket,3
1598,2018,9,ice-hockey,2
1599,2018,9,finances,2
1600,2018,9,training,2
1601,2018,9,tournaments,2
1602,2018,9,golf,2
1603,2018,9,serve,2
1604,2018,9,uefa,1
1605,2018,9,nba,1
1606,2018,9,performance,1
1607,2018,9,qualifying,1
1608,2018,9,injuries,1
1609,2018,9,auto-racing,1
1610,2018,9,basketball,1
1611,2018,9,climbing,1
1612,2018,9,indoor-climbing,1
1613,2018,9,match-identification,1
1614,2018,9,world-cup,1
1615,2018,9,betting,1
1616,2018,9,europa-league,1
1617,2018,9,rugby-union,1
1618,2018,9,quarterback,1
1619,2018,9,badminton,1
1620,2018,9,mlb,1
1621,2018,9,jersey,1
1622,2018,9,pga-tour,1
1623,2018,9,etiquette,1
1624,2018,9,special-teams,1
1625,2018,9,copa-libertadores,1
1626,2018,9,media,1
1627,2018,9,equipment,1
1628,2018,9,volleyball,1
1629,2018,10,rules,12
1630,2018,10,football,9
1631,2018,10,trivia,8
1632,2018,10,basketball,7
1633,2018,10,baseball,7
1634,2018,10,american-football,4
1635,2018,10,cricket,4
1636,2018,10,tennis,4
1637,2018,10,officiating,4
1638,2018,10,nfl,3
1639,2018,10,statistics,3
1640,2018,10,mlb,3
1641,2018,10,table-tennis,2
1642,2018,10,serve,2
1643,2018,10,ice-hockey,2
1644,2018,10,records,2
1645,2018,10,history,1
1646,2018,10,pool,1
1647,2018,10,nhl,1
1648,2018,10,tournaments,1
1649,2018,10,betting,1
1650,2018,10,finances,1
1651,2018,10,goalkeeper,1
1652,2018,10,terminology,1
1653,2018,10,technique,1
1654,2018,10,collegiate,1
1655,2018,10,formula-1,1
1656,2018,10,qualifying,1
1657,2018,10,suspension,1
1658,2018,10,atp,1
1659,2018,10,rugby-union,1
1660,2018,10,rugby,1
1661,2018,10,rugby-league,1
1662,2018,11,cricket,23
1663,2018,11,trivia,11
1664,2018,11,rules,10
1665,2018,11,basketball,7
1666,2018,11,statistics,7
1667,2018,11,football,5
1668,2018,11,nba,3
1669,2018,11,records,3
1670,2018,11,american-football,3
1671,2018,11,spin,3
1672,2018,11,formula-1,3
1673,2018,11,inline-hockey,2
1674,2018,11,nfl,2
1675,2018,11,terminology,2
1676,2018,11,wicket,2
1677,2018,11,nhl,2
1678,2018,11,olympics,1
1679,2018,11,la-liga,1
1680,2018,11,bundesliga,1
1681,2018,11,serie-a,1
1682,2018,11,baseball,1
1683,2018,11,scoring,1
1684,2018,11,maintenance,1
1685,2018,11,jersey,1
1686,2018,11,collectibles,1
1687,2018,11,draft,1
1688,2018,11,tennis,1
1689,2018,11,pro-wrestling,1
1690,2018,11,duckworth-lewis,1
1691,2018,11,suspension,1
1692,2018,11,swimming,1
1693,2018,11,ice-hockey,1
1694,2018,11,pool,1
1695,2018,11,training,1
1696,2018,11,goalkeeper,1
1697,2018,11,history,1
1698,2018,12,rules,15
1699,2018,12,football,7
1700,2018,12,nfl,7
1701,2018,12,american-football,5
1702,2018,12,cricket,4
1703,2018,12,statistics,4
1704,2018,12,tennis,3
1705,2018,12,basketball,3
1706,2018,12,trivia,3
1707,2018,12,officiating,3
1708,2018,12,awards,3
1709,2018,12,champions-league,3
1710,2018,12,technique,2
1711,2018,12,equipment,2
1712,2018,12,snooker,2
1713,2018,12,ice-hockey,2
1714,2018,12,nba,2
1715,2018,12,ranking,2
1716,2018,12,video-review,2
1717,2018,12,maintenance,1
1718,2018,12,beach-tennis,1
1719,2018,12,kabaddi,1
1720,2018,12,strategy,1
1721,2018,12,ice-skating,1
1722,2018,12,figure-skating,1
1723,2018,12,serve,1
1724,2018,12,squash,1
1725,2018,12,tactics,1
1726,2018,12,fencing,1
1727,2018,12,judo,1
1728,2018,12,history,1
1729,2018,12,boxing,1
1730,2018,12,europa-league,1
1731,2018,12,cricket-world-cup,1
1732,2018,12,nhl,1
1733,2018,12,training,1
1734,2018,12,volleyball,1
1735,2018,12,draft,1
1736,2018,12,betting,1
1737,2018,12,terminology,1
1738,2018,12,table-tennis,1
1739,2018,12,english-premier-league,1
1740,2019,1,rules,18
1741,2019,1,american-football,10
1742,2019,1,nfl,8
1743,2019,1,pool,4
1744,2019,1,snooker,3
1745,2019,1,baseball,3
1746,2019,1,football,3
1747,2019,1,basketball,3
1748,2019,1,nba,3
1749,2019,1,trivia,2
1750,2019,1,cricket,2
1751,2019,1,officiating,2
1752,2019,1,mlb,1
1753,2019,1,finances,1
1754,2019,1,tennis,1
1755,2019,1,postseason,1
1756,2019,1,transaction,1
1757,2019,1,field-goal,1
1758,2019,1,quarterback,1
1759,2019,1,rugby-union,1
1760,2019,1,table-tennis,1
1761,2019,1,serve,1
1762,2019,1,volleyball,1
1763,2019,1,hall-of-fame,1
1764,2019,1,terminology,1
1765,2019,1,statistics,1
1766,2019,1,formula-1,1
1767,2019,2,rules,11
1768,2019,2,football,6
1769,2019,2,basketball,4
1770,2019,2,nba,3
1771,2019,2,cricket,3
1772,2019,2,equipment,3
1773,2019,2,officiating,3
1774,2019,2,trivia,2
1775,2019,2,american-football,2
1776,2019,2,nfl,2
1777,2019,2,tennis,2
1778,2019,2,squash,2
1779,2019,2,baseball,2
1780,2019,2,super-bowl,1
1781,2019,2,inline-hockey,1
1782,2019,2,pool,1
1783,2019,2,fiba,1
1784,2019,2,wicket,1
1785,2019,2,ranking,1
1786,2019,2,gaelic-football,1
1787,2019,2,kabaddi,1
1788,2019,2,tie-breaker,1
1789,2019,2,serve,1
1790,2019,2,mma,1
1791,2019,2,ufc,1
1792,2019,2,coaching,1
1793,2019,2,badminton,1
1794,2019,2,racket,1
1795,2019,2,qualifying,1
1796,2019,2,terminology,1
1797,2019,2,formula-1,1
1798,2019,2,softball,1
1799,2019,2,english-premier-league,1
1800,2019,3,football,7
1801,2019,3,rules,6
1802,2019,3,basketball,6
1803,2019,3,cricket,4
1804,2019,3,nba,4
1805,2019,3,finances,3
1806,2019,3,history,2
1807,2019,3,nfl,2
1808,2019,3,equipment,2
1809,2019,3,officiating,2
1810,2019,3,statistics,2
1811,2019,3,terminology,1
1812,2019,3,dancing,1
1813,2019,3,speed-skating,1
1814,2019,3,world-cup,1
1815,2019,3,scoring,1
1816,2019,3,table-tennis,1
1817,2019,3,racket,1
1818,2019,3,ice-hockey,1
1819,2019,3,pool,1
1820,2019,3,english-premier-league,1
1821,2019,3,champions-league,1
1822,2019,3,volleyball,1
1823,2019,3,goalkeeper,1
1824,2019,3,tennis,1
1825,2019,3,media,1
1826,2019,3,wicket,1
1827,2019,3,snooker,1
1828,2019,3,collegiate,1
1829,2019,3,uefa,1
1830,2019,3,auto-racing,1
1831,2019,4,rules,9
1832,2019,4,baseball,7
1833,2019,4,ice-hockey,6
1834,2019,4,trivia,6
1835,2019,4,cricket,5
1836,2019,4,nhl,5
1837,2019,4,football,5
1838,2019,4,nba,4
1839,2019,4,statistics,4
1840,2019,4,snooker,3
1841,2019,4,basketball,3
1842,2019,4,scoring,3
1843,2019,4,officiating,3
1844,2019,4,postseason,3
1845,2019,4,terminology,2
1846,2019,4,mlb,2
1847,2019,4,history,2
1848,2019,4,stanley-cup,2
1849,2019,4,video-review,2
1850,2019,4,lacrosse,1
1851,2019,4,auto-racing,1
1852,2019,4,formula-e,1
1853,2019,4,collegiate,1
1854,2019,4,climbing,1
1855,2019,4,indoor-climbing,1
1856,2019,4,strategy,1
1857,2019,4,softball,1
1858,2019,4,cycling,1
1859,2019,4,performance,1
1860,2019,4,triathlon,1
1861,2019,4,equipment,1
1862,2019,4,olympics,1
1863,2019,4,tennis,1
1864,2019,4,serve,1
1865,2019,4,indian-premier-league,1
1866,2019,4,icc,1
1867,2019,4,cricket-world-cup,1
1868,2019,4,tactics,1
1869,2019,5,rules,9
1870,2019,5,football,7
1871,2019,5,baseball,7
1872,2019,5,history,5
1873,2019,5,cricket,4
1874,2019,5,ice-hockey,4
1875,2019,5,mlb,4
1876,2019,5,snooker,3
1877,2019,5,awards,3
1878,2019,5,officiating,3
1879,2019,5,nhl,2
1880,2019,5,equipment,2
1881,2019,5,table-tennis,2
1882,2019,5,racket,2
1883,2019,5,tennis,2
1884,2019,5,basketball,2
1885,2019,5,nba,2
1886,2019,5,american-football,2
1887,2019,5,statistics,2
1888,2019,5,nfl,2
1889,2019,5,trivia,2
1890,2019,5,golf,2
1891,2019,5,uefa,2
1892,2019,5,qualifying,2
1893,2019,5,international-sports,1
1894,2019,5,terminology,1
1895,2019,5,postseason,1
1896,2019,5,stanley-cup,1
1897,2019,5,coaching,1
1898,2019,5,etiquette,1
1899,2019,5,pool,1
1900,2019,5,maintenance,1
1901,2019,5,transaction,1
1902,2019,5,transfer,1
1903,2019,5,auto-racing,1
1904,2019,5,records,1
1905,2019,5,english-premier-league,1
1906,2019,5,rugby-union,1
1907,2019,5,rugby,1
1908,2019,5,media,1
1909,2019,5,horse-racing,1
1910,2019,5,goalkeeper,1
1911,2019,5,triathlon,1
1912,2019,5,ranking,1
1913,2019,5,tie-breaker,1
1914,2019,5,boxing,1
1915,2019,5,collegiate,1
1916,2019,5,gender,1
1917,2019,5,wrestling,1
1918,2019,5,champions-league,1
1919,2019,5,europa-league,1
1920,2019,5,jersey,1
1921,2019,6,rules,14
1922,2019,6,cricket,7
1923,2019,6,baseball,7
1924,2019,6,football,6
1925,2019,6,officiating,3
1926,2019,6,basketball,3
1927,2019,6,terminology,2
1928,2019,6,tennis,2
1929,2019,6,cricket-world-cup,2
1930,2019,6,nba,2
1931,2019,6,rugby,2
1932,2019,6,formula-1,2
1933,2019,6,american-football,1
1934,2019,6,softball,1
1935,2019,6,beach-volleyball,1
1936,2019,6,mlb,1
1937,2019,6,suspension,1
1938,2019,6,scoring,1
1939,2019,6,collegiate,1
1940,2019,6,volleyball,1
1941,2019,6,gender,1
1942,2019,6,tournaments,1
1943,2019,6,tie-breaker,1
1944,2019,6,penalty-shot,1
1945,2019,6,goalkeeper,1
1946,2019,6,finances,1
1947,2019,6,rugby-union,1
1948,2019,6,video-review,1
1949,2019,6,climbing,1
1950,2019,6,indoor-climbing,1
1951,2019,6,running,1
1952,2019,6,track-and-field,1
1953,2019,6,pool,1
1954,2019,6,training,1
1955,2019,6,match-identification,1
1956,2019,6,awards,1
1957,2019,6,defense,1
1958,2019,6,ufc,1
1959,2019,6,jersey,1
1960,2019,7,cricket,9
1961,2019,7,cricket-world-cup,8
1962,2019,7,tennis,7
1963,2019,7,rules,6
1964,2019,7,baseball,5
1965,2019,7,scoring,4
1966,2019,7,football,3
1967,2019,7,trivia,3
1968,2019,7,nba,2
1969,2019,7,finances,2
1970,2019,7,qualifying,2
1971,2019,7,mlb,2
1972,2019,7,formula-1,2
1973,2019,7,icc,2
1974,2019,7,basketball,1
1975,2019,7,gender,1
1976,2019,7,cycling,1
1977,2019,7,terminology,1
1978,2019,7,badminton,1
1979,2019,7,tie-breaker,1
1980,2019,7,records,1
1981,2019,7,golf,1
1982,2019,7,major-leagues,1
1983,2019,7,officiating,1
1984,2019,7,volleyball,1
1985,2019,7,american-football,1
1986,2019,7,nfl,1
1987,2019,7,goalkeeper,1
1988,2019,7,tournaments,1
1989,2019,7,atp,1
1990,2019,8,rules,10
1991,2019,8,baseball,7
1992,2019,8,football,6
1993,2019,8,cricket,6
1994,2019,8,mlb,3
1995,2019,8,tennis,3
1996,2019,8,basketball,3
1997,2019,8,trivia,2
1998,2019,8,american-football,2
1999,2019,8,nfl,2
2000,2019,8,postseason,2
2001,2019,8,scoring,2
2002,2019,8,nba,2
2003,2019,8,badminton,2
2004,2019,8,goalkeeper,1
2005,2019,8,uefa,1
2006,2019,8,champions-league,1
2007,2019,8,atp,1
2008,2019,8,terminology,1
2009,2019,8,cba,1
2010,2019,8,statistics,1
2011,2019,8,serve,1
2012,2019,8,schedule,1
2013,2019,8,climbing,1
2014,2019,8,tactics,1
2015,2019,8,history,1
2016,2019,8,match-identification,1
2017,2019,8,volleyball,1
2018,2019,8,finances,1
2019,2019,8,home-run,1
2020,2019,8,sabermetrics,1
2021,2019,8,fiba,1
2022,2019,8,auto-racing,1
2023,2019,9,nfl,6
2024,2019,9,rules,6
2025,2019,9,american-football,5
2026,2019,9,tennis,5
2027,2019,9,football,4
2028,2019,9,cricket,3
2029,2019,9,grand-slam,3
2030,2019,9,trivia,3
2031,2019,9,baseball,2
2032,2019,9,basketball,2
2033,2019,9,training,2
2034,2019,9,volleyball,2
2035,2019,9,statistics,2
2036,2019,9,special-teams,1
2037,2019,9,records,1
2038,2019,9,collegiate,1
2039,2019,9,schedule,1
2040,2019,9,officiating,1
2041,2019,9,serve,1
2042,2019,9,bundesliga,1
2043,2019,9,champions-league,1
2044,2019,9,europa-league,1
2045,2019,9,draft,1
2046,2019,9,bowling,1
2047,2019,9,formula-1,1
2048,2019,9,boxing,1
2049,2019,9,mma,1
2050,2019,9,ufc,1
2051,2019,9,wrestling,1
2052,2019,9,equipment,1
2053,2019,9,rugby-union,1
2054,2019,9,betting,1
2055,2019,9,media,1
2056,2019,9,tactics,1
2057,2019,9,marathon,1
2058,2019,9,history,1
2059,2019,10,rules,12
2060,2019,10,baseball,6
2061,2019,10,football,6
2062,2019,10,american-football,5
2063,2019,10,history,4
2064,2019,10,statistics,4
2065,2019,10,nfl,4
2066,2019,10,trivia,3
2067,2019,10,mlb,2
2068,2019,10,tournaments,2
2069,2019,10,volleyball,2
2070,2019,10,serve,2
2071,2019,10,basketball,2
2072,2019,10,nba,2
2073,2019,10,snooker,2
2074,2019,10,terminology,1
2075,2019,10,table-tennis,1
2076,2019,10,records,1
2077,2019,10,marathon,1
2078,2019,10,athletics,1
2079,2019,10,fifa,1
2080,2019,10,softball,1
2081,2019,10,betting,1
2082,2019,10,world-cup,1
2083,2019,10,goalkeeper,1
2084,2019,10,finances,1
2085,2019,10,pool,1
2086,2019,10,equipment,1
2087,2019,10,training,1
2088,2019,10,boxing,1
2089,2019,10,tennis,1
2090,2019,10,ice-hockey,1
2091,2019,10,nhl,1
2092,2019,10,golf,1
2093,2019,10,pga-tour,1
2094,2019,10,postseason,1
2095,2019,10,major-leagues,1
2096,2019,10,scoring,1
2097,2019,10,formula-1,1
2098,2019,11,rules,15
2099,2019,11,american-football,6
2100,2019,11,football,6
2101,2019,11,nfl,5
2102,2019,11,officiating,5
2103,2019,11,basketball,4
2104,2019,11,statistics,3
2105,2019,11,cricket,3
2106,2019,11,table-tennis,2
2107,2019,11,baseball,2
2108,2019,11,formula-1,2
2109,2019,11,technique,2
2110,2019,11,tennis,2
2111,2019,11,tactics,2
2112,2019,11,serve,1
2113,2019,11,rugby-union,1
2114,2019,11,softball,1
2115,2019,11,mma,1
2116,2019,11,finances,1
2117,2019,11,uefa,1
2118,2019,11,champions-league,1
2119,2019,11,schedule,1
2120,2019,11,terminology,1
2121,2019,11,nba,1
2122,2019,11,equipment,1
2123,2019,11,racket,1
2124,2019,11,maintenance,1
2125,2019,11,sumo-wrestling,1
2126,2019,11,field-goal,1
2127,2019,11,pool,1
2128,2019,11,snooker,1
2129,2019,11,goalkeeper,1
2130,2019,11,futsal,1
2131,2019,11,davis-cup,1
2132,2019,11,coaching,1
2133,2019,11,penalty-shot,1
2134,2019,11,mlb,1
2135,2019,11,athletics,1
2136,2019,11,collegiate,1
2137,2019,11,game-time,1
2138,2019,12,trivia,10
2139,2019,12,football,9
2140,2019,12,rules,8
2141,2019,12,american-football,6
2142,2019,12,nfl,6
2143,2019,12,tennis,3
2144,2019,12,cricket,3
2145,2019,12,mlb,3
2146,2019,12,quarterback,2
2147,2019,12,statistics,2
2148,2019,12,boxing,2
2149,2019,12,baseball,2
2150,2019,12,records,2
2151,2019,12,top-five,2
2152,2019,12,ranking,1
2153,2019,12,english-premier-league,1
2154,2019,12,penalty-shot,1
2155,2019,12,skiing,1
2156,2019,12,ufc,1
2157,2019,12,tie-breaker,1
2158,2019,12,strategy,1
2159,2019,12,champions-league,1
2160,2019,12,europa-league,1
2161,2019,12,transaction,1
2162,2019,12,olympics,1
2163,2019,12,technique,1
2164,2019,12,golf,1
2165,2019,12,transfer,1
2166,2019,12,basketball,1
2167,2019,12,nba,1
2168,2019,12,draft,1
2169,2019,12,history,1
2170,2019,12,nhl,1
2171,2019,12,match-identification,1
2172,2019,12,officiating,1
2173,2020,1,rules,18
2174,2020,1,football,11
2175,2020,1,american-football,8
2176,2020,1,nfl,6
2177,2020,1,trivia,4
2178,2020,1,history,4
2179,2020,1,officiating,4
2180,2020,1,cricket,3
2181,2020,1,baseball,3
2182,2020,1,mlb,2
2183,2020,1,darts,2
2184,2020,1,basketball,2
2185,2020,1,english-premier-league,2
2186,2020,1,badminton,1
2187,2020,1,tie-breaker,1
2188,2020,1,tactics,1
2189,2020,1,game-time,1
2190,2020,1,ultimate-frisbee,1
2191,2020,1,golf,1
2192,2020,1,nhl,1
2193,2020,1,postseason,1
2194,2020,1,quarterback,1
2195,2020,1,boxing,1
2196,2020,1,nba,1
2197,2020,1,snooker,1
2198,2020,1,auto-racing,1
2199,2020,1,strategy,1
2200,2020,1,injuries,1
2201,2020,1,goalkeeper,1
2202,2020,1,running,1
2203,2020,1,triathlon,1
2204,2020,1,spectators,1
2205,2020,2,rules,9
2206,2020,2,doping,4
2207,2020,2,pool,3
2208,2020,2,basketball,3
2209,2020,2,statistics,2
2210,2020,2,nba,2
2211,2020,2,american-football,2
2212,2020,2,nfl,2
2213,2020,2,betting,2
2214,2020,2,cricket,2
2215,2020,2,trivia,1
2216,2020,2,super-bowl,1
2217,2020,2,boxing,1
2218,2020,2,mma,1
2219,2020,2,wrestling,1
2220,2020,2,martial-arts,1
2221,2020,2,volleyball,1
2222,2020,2,ice-hockey,1
2223,2020,2,tournaments,1
2224,2020,2,schedule,1
2225,2020,2,performance,1
2226,2020,2,baseball,1
2227,2020,2,officiating,1
2228,2020,2,scoring,1
2229,2020,2,mlb,1
2230,2020,2,collegiate,1
2231,2020,2,olympics,1
2232,2020,2,tennis,1
2233,2020,2,technology,1
2234,2020,2,video-review,1
2235,2020,3,rules,6
2236,2020,3,football,3
2237,2020,3,basketball,3
2238,2020,3,collegiate,2
2239,2020,3,martial-arts,1
2240,2020,3,fifa,1
2241,2020,3,strategy,1
2242,2020,3,powerlifting,1
2243,2020,3,cricket,1
2244,2020,3,doping,1
2245,2020,3,injuries,1
2246,2020,3,olympics,1
2247,2020,3,technique,1
2248,2020,3,table-tennis,1
2249,2020,3,spin,1
2250,2020,3,ice-hockey,1
2251,2020,3,nhl,1
2252,2020,3,tournaments,1
2253,2020,3,rugby,1
2254,2020,3,scoring,1
2255,2020,3,baseball,1
2256,2020,3,tennis,1
2257,2020,3,coaching,1
2258,2020,3,sports-psychology,1
2259,2020,3,boxing,1
2260,2020,3,match-identification,1
2261,2020,4,mlb,4
2262,2020,4,football,3
2263,2020,4,baseball,3
2264,2020,4,rules,2
2265,2020,4,statistics,2
2266,2020,4,nba,2
2267,2020,4,basketball,2
2268,2020,4,training,2
2269,2020,4,strategy,2
2270,2020,4,volleyball,1
2271,2020,4,tactics,1
2272,2020,4,cricket,1
2273,2020,4,terminology,1
2274,2020,4,penalty-shot,1
2275,2020,4,postseason,1
2276,2020,4,officiating,1
2277,2020,4,coaching,1
2278,2020,4,technique,1
2279,2020,4,formula-1,1
2280,2020,5,rules,2
2281,2020,5,basketball,2
2282,2020,5,statistics,2
2283,2020,5,mma,2
2284,2020,5,ufc,2
2285,2020,5,boxing,1
2286,2020,5,pool,1
2287,2020,5,football,1
2288,2020,5,nba,1
2289,2020,5,cricket,1
2290,2020,5,trivia,1
2291,2020,5,goalkeeper,1
2292,2020,5,field-hockey,1
2293,2020,6,rules,5
2294,2020,6,football,5
2295,2020,6,mlb,4
2296,2020,6,basketball,4
2297,2020,6,tennis,3
2298,2020,6,covid-19,3
2299,2020,6,baseball,2
2300,2020,6,technique,2
2301,2020,6,formula-1,2
2302,2020,6,nba,2
2303,2020,6,airsoft,2
2304,2020,6,olympics,1
2305,2020,6,marathon,1
2306,2020,6,pitching,1
2307,2020,6,training,1
2308,2020,6,home-run,1
2309,2020,6,sports-psychology,1
2310,2020,6,snooker,1
2311,2020,6,goalkeeper,1
2312,2020,6,officiating,1
2313,2020,6,video-review,1
2314,2020,6,trivia,1
2315,2020,6,substitution,1
2316,2020,6,coaching,1
2317,2020,6,venues,1
2318,2020,6,cricket,1
2319,2020,6,mls,1
2320,2020,7,football,8
2321,2020,7,rules,6
2322,2020,7,formula-1,6
2323,2020,7,trivia,5
2324,2020,7,statistics,2
2325,2020,7,betting,2
2326,2020,7,terminology,2
2327,2020,7,equipment,2
2328,2020,7,snooker,1
2329,2020,7,serve,1
2330,2020,7,squash,1
2331,2020,7,basketball,1
2332,2020,7,records,1
2333,2020,7,goalkeeper,1
2334,2020,7,officiating,1
2335,2020,7,mls,1
2336,2020,7,covid-19,1
2337,2020,7,awards,1
2338,2020,7,tie-breaker,1
2339,2020,7,fierljeppen,1
2340,2020,7,skateboarding,1
2341,2020,7,cricket,1
2342,2020,7,american-football,1
2343,2020,7,nfl,1
2344,2020,7,scoring,1
2345,2020,7,tactics,1
2346,2020,8,ice-hockey,6
2347,2020,8,postseason,6
2348,2020,8,basketball,6
2349,2020,8,trivia,5
2350,2020,8,rules,4
2351,2020,8,football,4
2352,2020,8,nhl,4
2353,2020,8,stanley-cup,4
2354,2020,8,statistics,4
2355,2020,8,nba,4
2356,2020,8,injuries,2
2357,2020,8,cricket,2
2358,2020,8,history,2
2359,2020,8,officiating,1
2360,2020,8,uefa,1
2361,2020,8,euro,1
2362,2020,8,ranking,1
2363,2020,8,international-sports,1
2364,2020,8,fifa,1
2365,2020,8,video-review,1
2366,2020,8,goalkeeper,1
2367,2020,8,gaelic-football,1
2368,2020,8,american-football,1
2369,2020,8,nfl,1
2370,2020,8,formula-1,1
2371,2020,8,technique,1
2372,2020,8,snooker,1
2373,2020,8,cue-sports,1
2374,2020,8,own-goal,1
2375,2020,8,covid-19,1
2376,2020,8,collegiate,1
2377,2020,8,baseball,1
2378,2020,8,mlb,1
2379,2020,8,equipment,1
2380,2020,8,airsoft,1
2381,2020,9,baseball,9
2382,2020,9,football,8
2383,2020,9,rules,7
2384,2020,9,tennis,6
2385,2020,9,cricket,5
2386,2020,9,terminology,4
2387,2020,9,trivia,3
2388,2020,9,wta,3
2389,2020,9,atp,2
2390,2020,9,statistics,2
2391,2020,9,video-review,2
2392,2020,9,media,2
2393,2020,9,grand-slam,2
2394,2020,9,formula-1,2
2395,2020,9,american-football,2
2396,2020,9,nfl,2
2397,2020,9,tactics,2
2398,2020,9,cycling,2
2399,2020,9,betting,2
2400,2020,9,mlb,2
2401,2020,9,field-hockey,1
2402,2020,9,covid-19,1
2403,2020,9,rugby-union,1
2404,2020,9,rugby,1
2405,2020,9,fans,1
2406,2020,9,australian-rules-football,1
2407,2020,9,rugby-league,1
2408,2020,9,softball,1
2409,2020,9,strategy,1
2410,2020,9,basketball,1
2411,2020,9,finances,1
2412,2020,9,international-sports,1
2413,2020,9,cricket-world-cup,1
2414,2020,9,records,1
2415,2020,9,track-and-field,1
2416,2020,9,athletics,1
2417,2020,9,pole-vault,1
2418,2020,9,pro-wrestling,1
2419,2020,9,snooker,1
2420,2020,9,technique,1
2421,2020,9,training,1
2422,2020,9,coaching,1
2423,2020,9,mls,1
2424,2020,9,english-premier-league,1
2425,2020,9,field-goal,1
2426,2020,9,tie-breaker,1
2427,2020,10,rules,6
2428,2020,10,baseball,5
2429,2020,10,tennis,3
2430,2020,10,technique,3
2431,2020,10,american-football,3
2432,2020,10,nfl,3
2433,2020,10,basketball,2
2434,2020,10,nba,2
2435,2020,10,scoring,2
2436,2020,10,cricket,2
2437,2020,10,mlb,2
2438,2020,10,volleyball,1
2439,2020,10,ice-hockey,1
2440,2020,10,nhl,1
2441,2020,10,postseason,1
2442,2020,10,grip,1
2443,2020,10,home-run,1
2444,2020,10,table-tennis,1
2445,2020,10,badminton,1
2446,2020,10,squash,1
2447,2020,10,history,1
2448,2020,10,statistics,1
2449,2020,10,football,1
2450,2020,10,serve,1
2451,2020,10,ranking,1
2452,2020,11,american-football,7
2453,2020,11,rules,5
2454,2020,11,tennis,3
2455,2020,11,football,2
2456,2020,11,track-and-field,2
2457,2020,11,equipment,2
2458,2020,11,formula-1,2
2459,2020,11,nfl,2
2460,2020,11,training,1
2461,2020,11,olympics,1
2462,2020,11,indoor-climbing,1
2463,2020,11,wimbledon,1
2464,2020,11,media,1
2465,2020,11,terminology,1
2466,2020,11,golf,1
2467,2020,11,collegiate,1
2468,2020,11,tie-breaker,1
2469,2020,11,technique,1
2470,2020,11,serve,1
2471,2020,11,strategy,1
2472,2020,11,scoring,1
2473,2020,11,table-tennis,1
2474,2020,11,baseball,1
2475,2020,11,mlb,1
2476,2020,11,injuries,1
2477,2020,11,pitching,1
2478,2020,11,auto-racing,1
2479,2020,11,nascar,1
2480,2020,11,statistics,1
2481,2020,11,mma,1
2482,2020,11,trivia,1
2483,2020,12,rules,15
2484,2020,12,american-football,13
2485,2020,12,football,12
2486,2020,12,nfl,10
2487,2020,12,postseason,4
2488,2020,12,officiating,4
2489,2020,12,statistics,3
2490,2020,12,ice-hockey,3
2491,2020,12,mlb,2
2492,2020,12,cricket,2
2493,2020,12,champions-league,2
2494,2020,12,formula-1,2
2495,2020,12,nhl,2
2496,2020,12,baseball,2
2497,2020,12,nba,1
2498,2020,12,tennis,1
2499,2020,12,collegiate,1
2500,2020,12,qualifying,1
2501,2020,12,europa-league,1
2502,2020,12,running,1
2503,2020,12,road-running,1
2504,2020,12,half-marathon,1
2505,2020,12,video-review,1
2506,2020,12,snooker,1
2507,2020,12,history,1
2508,2020,12,schedule,1
2509,2020,12,field-goal,1
2510,2020,12,equipment,1
2511,2020,12,basketball,1
2512,2020,12,volleyball,1
2513,2020,12,water-polo,1
2514,2020,12,indian-premier-league,1
2515,2020,12,penalty-shot,1
2516,2020,12,bundesliga,1
2517,2020,12,tie-breaker,1
2518,2020,12,badminton,1
2519,2020,12,fifa,1
2520,2020,12,transfer,1
2521,2020,12,mma,1
2522,2021,1,rules,17
2523,2021,1,football,13
2524,2021,1,cricket,8
2525,2021,1,officiating,6
2526,2021,1,nba,5
2527,2021,1,statistics,5
2528,2021,1,mlb,3
2529,2021,1,basketball,3
2530,2021,1,nfl,3
2531,2021,1,equipment,2
2532,2021,1,baseball,2
2533,2021,1,formula-1,2
2534,2021,1,road-racing,2
2535,2021,1,american-football,2
2536,2021,1,substitution,2
2537,2021,1,volleyball,1
2538,2021,1,beach-volleyball,1
2539,2021,1,english-premier-league,1
2540,2021,1,sabermetrics,1
2541,2021,1,match-identification,1
2542,2021,1,skating,1
2543,2021,1,inline-skating,1
2544,2021,1,performance,1
2545,2021,1,penalty-shot,1
2546,2021,1,goalkeeper,1
2547,2021,1,auto-racing,1
2548,2021,1,sailing,1
2549,2021,1,history,1
2550,2021,1,super-bowl,1
2551,2021,1,boxing,1
2552,2021,1,draft,1
2553,2021,1,nhl,1
2554,2021,1,trade,1
2555,2021,2,rules,9
2556,2021,2,schedule,5
2557,2021,2,tennis,4
2558,2021,2,football,4
2559,2021,2,nfl,4
2560,2021,2,swimming,3
2561,2021,2,basketball,3
2562,2021,2,nba,3
2563,2021,2,american-football,3
2564,2021,2,cricket,2
2565,2021,2,statistics,2
2566,2021,2,ice-hockey,2
2567,2021,2,nhl,2
2568,2021,2,baseball,2
2569,2021,2,mlb,2
2570,2021,2,video-review,2
2571,2021,2,open-water,1
2572,2021,2,auto-racing,1
2573,2021,2,running,1
2574,2021,2,road-running,1
2575,2021,2,super-bowl,1
2576,2021,2,history,1
2577,2021,2,rugby,1
2578,2021,2,international-sports,1
2579,2021,2,trivia,1
2580,2021,2,pool,1
2581,2021,2,sabermetrics,1
2582,2021,2,ranking,1
2583,2021,2,icc,1
2584,2021,2,atp,1
2585,2021,2,wta,1
2586,2021,2,officiating,1
2587,2021,2,postseason,1
2588,2021,2,road-racing,1
2589,2021,2,english-premier-league,1
2590,2021,2,la-liga,1
